"sku","product_type","attribute_set_code","flavor_name","name","brand","manufacturer","trademark_owner","type_of_product","smart_cat","format","pouches_can","piece_box","net_weight_g","portionsize","weight_per_piece_g","net_weight_oz","coreflavor","flavor","is_unflavored","mixpack","multiplack","type_of_nicotine","nicotinemg","nicotine_mg_pouch","nicotine_mg_tablet","nicotine_mg_lozenge","nicotine_mg_gum","nicotine_mg_bit_or_plug","nicotine_mg_cotton_ball","country_of_manufacture","short_description","description","moisture","nicotine_strength","nikotinstyrka","unit","units_per_sku","contains_tobacco","contains_nicotine","ingredient_list","product_characteristics","product_websites","calculated_US_dots_pouch","Strength_w_suffix","base_image","small_image","thumbnail_image","GTIN","insights_name","Allow_Alabama_Sales","Allow_California_Sales","bundle_values","bundle_weight_type","shortname"
"ALP-MIX3MG","Bundle","Nicotine Pouches, Synthetic","ALP Mixpack 3mg TEST","ALP Mixpack 3mg","ALP","AVB International","ALP Supply Co","All White Portion","All White Portion","Slim","20","","10.0","0.50","","0.353","Mixed","Mint,Wintergreen,Tropical Fruit,Sweet","No","Yes","No","Synthetic Nicotine","6.0","3.0","","","","","","","Try all ALP 3mg flavors with one of our Northerner mixpacks!","<h2>Included in the Mixpack:</h2><ul><li><strong>1x</strong> ALP Refreshing Chill 3mg</li><li><strong>1x</strong> ALP Mountain Wintergreen 3mg</li><li><strong>1x</strong> ALP Chilled Mint 3mg</li><li><strong>1x</strong> ALP Sweet Nectar 3mg</li><li><strong>1x</strong> ALP Tropical Fruit 3mg</li></ul><h2>Discover ALP 3mg Mixpack</h2><p>Sample the full range of ALP's 3mg nicotine pouches with this mixpack, which includes five different cans—each representing one of the available flavors. Whether you lean toward mint varieties or prefer fruity options, this pack provides a selection to explore.</p><p>Each pouch delivers 3mg of nicotine, a less intense strength level. The pouches are moist, tobacco-free, and contain synthetic nicotine. Each can includes 20 pouches.</p>","","Normal","","Pack","","No","Yes","","","Northerner US,Nicokick US","1","3.0 mg/pouch","https://files.plytix.com/api/v1.1/file/public_files/pim/assets/a9/d9/19/63/6319d9a9f060d100017561d5/images/82/76/df/69/69df768275818b496046425f/ALP-MIX3MG-01.png?s=1200x","https://files.plytix.com/api/v1.1/file/public_files/pim/assets/a9/d9/19/63/6319d9a9f060d100017561d5/images/82/76/df/69/69df768275818b496046425f/ALP-MIX3MG-01.png?s=1200x","https://files.plytix.com/api/v1.1/file/public_files/pim/assets/a9/d9/19/63/6319d9a9f060d100017561d5/images/82/76/df/69/69df768275818b496046425f/ALP-MIX3MG-01.png?s=1200x","","","","","ALP-CM3MG#1, ALP-MW3MG#1, ALP-TF3MG#1, ALP-RC3MG#1, ALP-SN3MG#1","Dynamic","ALP Mixpack 3mg"
"ALP-MIX6MG","Bundle","Nicotine Pouches, Synthetic","ALP Mixpack 6mg","ALP Mixpack 6mg","ALP","AVB International","ALP Supply Co","All White Portion","All White Portion","Slim","20","","10.0","0.50","","0.353","Mixed","Mint,Wintergreen,Tropical Fruit,Sweet","No","Yes","No","Synthetic Nicotine","12.0","6.0","","","","","","","Try all ALP 6mg flavors with one of our Northerner ALP mixpacks!","<h2>Included in the Mixpack:</h2><ul><li><strong>1x</strong> ALP Refreshing Chill 6mg</li><li><strong>1x</strong> ALP Mountain Wintergreen 6mg</li><li><strong>1x</strong> ALP Chilled Mint 6mg</li><li><strong>1x</strong> ALP Sweet Nectar 6mg</li><li><strong>1x</strong> ALP Tropical Fruit 6mg</li></ul><h2>Discover ALP 6mg Mixpack</h2><p>Discover five different ALP pouch flavors in one pack with the 6mg Mixpack. This set includes one can of each flavor—giving you the option to switch between mint-forward profiles and fruity alternatives based on what you’re in the mood for.</p><p>Each pouch contains 6mg of nicotine, which falls into the regular strength category. The pouches are moist, made without tobacco, and use synthetic nicotine. Each can includes 20 pouches.</p>","","Strong","","Pack","","No","Yes","","","Northerner US,Nicokick US","2","6.0 mg/pouch","https://files.plytix.com/api/v1.1/file/public_files/pim/assets/a9/d9/19/63/6319d9a9f060d100017561d5/images/69/76/df/69/69df766941a6542844f248a9/ALP-MIX6MG-01.png?s=1200x","https://files.plytix.com/api/v1.1/file/public_files/pim/assets/a9/d9/19/63/6319d9a9f060d100017561d5/images/69/76/df/69/69df766941a6542844f248a9/ALP-MIX6MG-01.png?s=1200x","https://files.plytix.com/api/v1.1/file/public_files/pim/assets/a9/d9/19/63/6319d9a9f060d100017561d5/images/69/76/df/69/69df766941a6542844f248a9/ALP-MIX6MG-01.png?s=1200x","","","","","ALP-CM6MG#1, ALP-MW6MG#1, ALP-TF6MG#1, ALP-RC6MG#1, ALP-SN6MG#1","Dynamic","ALP Mixpack 6mg"
"ALP-MIX9MG","Bundle","Nicotine Pouches, Synthetic","ALP Mixpack 9mg","ALP Mixpack 9mg","ALP","AVB International","ALP Supply Co","All White Portion","All White Portion","Slim","20","","10.0","0.50","","0.353","Mixed","Mint,Wintergreen,Tropical Fruit,Sweet","No","Yes","No","Synthetic Nicotine","18.0","9.0","","","","","","","Try all ALP 9mg flavors with one of our Northerner mixpacks!","<h2>Included in the Mixpack:</h2><ul><li><strong>1x</strong> ALP Refreshing Chill 9mg</li><li><strong>1x</strong> ALP Mountain Wintergreen 9mg</li><li><strong>1x</strong> ALP Chilled Mint 9mg</li><li><strong>1x</strong> ALP Sweet Nectar 9mg</li><li><strong>1x</strong> ALP Tropical Fruit 9mg</li></ul><h2>Discover ALP 9mg Mixpack</h2><p>Get a full lineup of ALP's 9mg nicotine pouches in one convenient pack. This mix includes five cans, each featuring a different flavor—ideal for users who want a range of options to choose from.</p><p>Each pouch contains 9mg of nicotine, making it a strong nicotine strength. The pouches are moist, tobacco-free, and made with synthetic nicotine. Each can includes 20 pouches.</p>","","Strong","","Pack","","No","Yes","","","Northerner US,Nicokick US","3","9.0 mg/pouch","https://files.plytix.com/api/v1.1/file/public_files/pim/assets/a9/d9/19/63/6319d9a9f060d100017561d5/images/4e/76/df/69/69df764e9c4cdacfd6204299/ALP-MIX9MG-01.png?s=1200x","https://files.plytix.com/api/v1.1/file/public_files/pim/assets/a9/d9/19/63/6319d9a9f060d100017561d5/images/4e/76/df/69/69df764e9c4cdacfd6204299/ALP-MIX9MG-01.png?s=1200x","https://files.plytix.com/api/v1.1/file/public_files/pim/assets/a9/d9/19/63/6319d9a9f060d100017561d5/images/4e/76/df/69/69df764e9c4cdacfd6204299/ALP-MIX9MG-01.png?s=1200x","","","","","ALP-CM9MG#1, ALP-MW9MG#1, ALP-TF9MG#1, ALP-RC9MG#1, ALP-SN9MG#1","Dynamic","ALP Mixpack 9mg"
"better-together-duo","Bundle","Nicotine Pouches, Synthetic","Better Together","Better Together Multipack","Mixed","","","All White Portion","All White Portion","Slim","20","","","","","","Mint","Spearmint","No","Yes","No","Synthetic Nicotine","","6.0","","","","","","","","","","Normal","","Pack","","No","Yes","","","Northerner US","2","6.0 mg/pouch","https://files.plytix.com/api/v1.1/file/public_files/pim/assets/a9/d9/19/63/6319d9a9f060d100017561d5/images/ac/6c/df/69/69df6cac9c4cdacfd6204081/better-together-840.png?s=1200x","https://files.plytix.com/api/v1.1/file/public_files/pim/assets/a9/d9/19/63/6319d9a9f060d100017561d5/images/ac/6c/df/69/69df6cac9c4cdacfd6204081/better-together-840.png?s=1200x","https://files.plytix.com/api/v1.1/file/public_files/pim/assets/a9/d9/19/63/6319d9a9f060d100017561d5/images/ac/6c/df/69/69df6cac9c4cdacfd6204081/better-together-840.png?s=1200x","","","","","KSD-294280#1, Z-P1018B#1","Dynamic","Better Together Multipack"
"CLEW-12mixpack","Bundle","Nicotine Pouches, Synthetic","CLEW 12mg Mixpack","CLEW 12mg Mixpack","CLEW","Nevcore Innovations Inc.","Novanic Labs Private Limited","All White Portion","All White Portion","Slim","20","","10.0","0.50","","0.35","Mixed","Wintergreen,Spearmint,Mint,Citrus,Blueberry","No","Yes","No","Synthetic Nicotine","24.0","12.0","","","","","","","Try 5 different CLEW pouches in this Extra Strong (12mg) mixpack featuring a can of each flavor: Spearmint, Wintergreen, Cool Mint, Citrus, and Blueberry.","<h2>Discover the CLEW 12mg Mixpack</h2><p>New to CLEW or just prefer a variety of nicotine pouches at your fingertips?</p><p>Now you can sample their entire range of 5 flavors in one easy order (excluding CLEW’s unflavored Original option). Every can has 20 moist pouches inside, and each pouch contains 12mg of tobacco leaf-free nicotine.</p><p>Adult nicotine consumers who are fans of mint and fruit will appreciate CLEW’s lineup. Keep in mind this mixpack is also available in 9mg, 6mg, and 3mg strengths if you’re looking for less milligrams per pouch.</p><h3>This mixpack contains:</h3><ul><li>1 x Spearmint 12mg</li><li>1 x Wintergreen 12mg</li><li>1 x Cool Mint 12mg</li><li>1 x Citrus 12mg</li><li>1 x Blueberry 12mg</li></ul><h2>About CLEW</h2><p><a href=""https://www.northerner.com/us/clew"">CLEW</a> is brought to you by Nevcore Innovations Inc. and intended for adult nicotine consumers over the age of 21 who want smokeless alternatives made from high quality ingredients. Available in an assortment of tobacco leaf-free flavors and strengths (from 3mg-12mg), CLEW caters to a wide range of preferences and is known for their ultra-smooth pouch design.</p>","","Extra Strong","","Pack","","No","Yes","","","Northerner US,Nicokick US","4","12.0 mg/pouch","https://files.plytix.com/api/v1.1/file/public_files/pim/assets/a9/d9/19/63/6319d9a9f060d100017561d5/images/ca/76/ba/69/69ba76ca36b4a3123424d212/CLEW-12mg-mixpack-01.png?s=1200x","https://files.plytix.com/api/v1.1/file/public_files/pim/assets/a9/d9/19/63/6319d9a9f060d100017561d5/images/ca/76/ba/69/69ba76ca36b4a3123424d212/CLEW-12mg-mixpack-01.png?s=1200x","https://files.plytix.com/api/v1.1/file/public_files/pim/assets/a9/d9/19/63/6319d9a9f060d100017561d5/images/ca/76/ba/69/69ba76ca36b4a3123424d212/CLEW-12mg-mixpack-01.png?s=1200x","","","","","CLEW-W12MG#1, CLEW-S12MG#1, CLEW-CM12MG#1, CLEW-C12MG#1, CLEW-B12MG#1","Dynamic","CLEW 12mg Mixpack"
"CLEW-3mixpack","Bundle","Nicotine Pouches, Synthetic","CLEW 3mg Mixpack","CLEW 3mg Mixpack","CLEW","Nevcore Innovations Inc.","Novanic Labs Private Limited","All White Portion","All White Portion","Slim","20","","10.0","0.50","","0.35","Mixed","Wintergreen,Spearmint,Mint,Citrus,Blueberry","No","Yes","No","Synthetic Nicotine","6.0","3.0","","","","","","","Try 5 different CLEW pouches in this Less Intense (3mg) mixpack featuring a can of each flavor: Spearmint, Wintergreen, Cool Mint, Citrus, and Blueberry.","<h2>Discover the CLEW 3mg Mixpack</h2><p>New to CLEW or just prefer a variety of nicotine pouches at your fingertips?</p><p>Now you can sample their entire range of 5 flavors in one easy order (excluding CLEW’s unflavored Original option). Every can has 20 moist pouches inside, and each pouch contains 3mg of tobacco leaf-free nicotine.</p><p>Adult nicotine consumers who are fans of mint and fruit will appreciate CLEW’s lineup. Keep in mind this mixpack is also available in 6mg, 9mg, or 12mg strengths if you’re looking for more milligrams per pouch.</p><h3>This mixpack contains:</h3><ul><li>1 x Spearmint 3mg</li><li>1 x Wintergreen 3mg</li><li>1 x Cool Mint 3mg</li><li>1 x Citrus 3mg</li><li>1 x Blueberry 3mg</li></ul><h2>About CLEW</h2><p><a href=""https://www.northerner.com/us/clew"">CLEW</a> is brought to you by Nevcore Innovations Inc. and intended for adult nicotine consumers over the age of 21 who want smokeless alternatives made from high quality ingredients. Available in an assortment of tobacco leaf-free flavors and strengths (from 3mg-12mg), CLEW caters to a wide range of preferences and is known for their ultra-smooth pouch design.</p>","","Normal","","Pack","","No","Yes","","","Northerner US,Nicokick US","1","3.0 mg/pouch","https://files.plytix.com/api/v1.1/file/public_files/pim/assets/a9/d9/19/63/6319d9a9f060d100017561d5/images/e4/76/ba/69/69ba76e403a8458e3a9aa2ac/CLEW-3mg-mixpack-01.png?s=1200x","https://files.plytix.com/api/v1.1/file/public_files/pim/assets/a9/d9/19/63/6319d9a9f060d100017561d5/images/e4/76/ba/69/69ba76e403a8458e3a9aa2ac/CLEW-3mg-mixpack-01.png?s=1200x","https://files.plytix.com/api/v1.1/file/public_files/pim/assets/a9/d9/19/63/6319d9a9f060d100017561d5/images/e4/76/ba/69/69ba76e403a8458e3a9aa2ac/CLEW-3mg-mixpack-01.png?s=1200x","","","","","CLEW-W3MG#1, CLEW-S3MG#1, CLEW-CM3MG#1, CLEW-C3MG#1, CLEW-B3MG#1","Dynamic","CLEW 3mg Mixpack"
"FRE-mp9mg","Bundle","Nicotine Pouches, Synthetic","FRE 9MG Mixpack","FRE 9MG Mixpack","FRE","Nu-X Ventures","Turning Point Brands","All White Portion","All White Portion","Slim","20","","9.98","0.50","","0.352","Mixed","Mint,Tropical Fruit,Watermelon,Wild Berries,Flavor Free,Wintergreen","No","Yes","No","Synthetic Nicotine","18.0","9.0","","","","","","","Try a range of popular FRE 9mg nicotine pouches.","<h2>About the FRE 9mg</h2><p>FRE 9mg pouches are nicotine pouches that are smoke-free, spit-free and made with synthetic nicotine (so there is no tobacco leaf or derivative in any FRE nicotine pouches). FRE pouches allow you to FRE yourself from compromise - their range are made to be fast acting and long-lasting, fitting into your life as they are easy wherever you are. Try a FRE 9mg mixpack with 4 popular FRE flavors.</p><h3>FRE 9mg Mixpack Contents</h3><ul><li>FRE Wintergreen 9mg</li><li>FRE Lush 9mg</li><li>FRE Mint 9mg</li><li>FRE Sweet 9mg</li></ul><h3>An Overview of FRE 9mg</h3><ul><li><strong>Flavors:</strong> Wintergreen, Fruit, Mint, Unflavored</li><li><strong>Nicotine Strength:</strong> 9mg/pouch</li><li><strong>Number of Pouches per FRE Can:</strong> 20</li><li><strong>Number of FRE Cans Per Mixpack:</strong> 4</li><li><strong>Pouch Size:</strong> Slim</li><li><strong>Pouch Feel:</strong> Semi-moist with pre-primed technology</li><li><strong>Manufacturer:</strong> Turning Point Brands</li></ul><h2>Step-By-Step: Using FRE 9mg Nicotine Pouches</h2><p>It is important that you use any nicotine pouches properly, including FRE 9mg nicotine pouches. Follow these 4 steps to get underway with your FRE pouches:</p><ol><li>Put one of the FRE nicotine pouches into your mouth</li><li>Park the pouch under your upper or lower lip, between the lip and gum</li><li>Leave it in place for around 30 mins</li><li>Take out your used pouch and throw it in the trash</li></ol><h2>About FRE Nicotine Pouches</h2><p><a href=""https://www.northerner.com/us/fre"">FRE nicotine pouches</a> are a range of high impact nicotine products that are smoke-free, spit-free and made with new Pre-Primed technology. FRE products are available in a variety of flavors and nicotine strengths, including Wintergreen, Mint, Sweet and Lush available in nicotine strengths from 3mg-15mg per pouch. Browse the full range of FRE pouches and order FRE on Northerner for fast shipping!</p>","","Strong","","Pack","","No","Yes","","","Northerner US,Nicokick US","3","9.0 mg/pouch","https://files.plytix.com/api/v1.1/file/public_files/pim/assets/a9/d9/19/63/6319d9a9f060d100017561d5/images/1c/73/ba/69/69ba731c4bc2191b73fe79bf/FRE%209MG%20Mixpack.png?s=1200x","https://files.plytix.com/api/v1.1/file/public_files/pim/assets/a9/d9/19/63/6319d9a9f060d100017561d5/images/1c/73/ba/69/69ba731c4bc2191b73fe79bf/FRE%209MG%20Mixpack.png?s=1200x","https://files.plytix.com/api/v1.1/file/public_files/pim/assets/a9/d9/19/63/6319d9a9f060d100017561d5/images/1c/73/ba/69/69ba731c4bc2191b73fe79bf/FRE%209MG%20Mixpack.png?s=1200x","","","No","No","FRE-16564#1, FRE-159123#1, FRE-159122#1, FRE-159124#1","Dynamic","FRE 9MG Mixpack"
"CLEW-6mixpack","Bundle","Nicotine Pouches, Synthetic","CLEW 6mg Mixpack","CLEW 6mg Mixpack","CLEW","Nevcore Innovations Inc.","Novanic Labs Private Limited","All White Portion","All White Portion","Slim","20","","10.0","0.50","","0.35","Mixed","Wintergreen,Spearmint,Mint,Citrus,Blueberry","No","Yes","No","Synthetic Nicotine","12.0","6.0","","","","","","","Try 5 different CLEW pouches in this Regular strength (6mg) mixpack featuring a can of each flavor: Spearmint, Wintergreen, Cool Mint, Citrus, and Blueberry.","<h2>Discover the CLEW 6mg Mixpack</h2><p>New to CLEW or just prefer a variety of nicotine pouches at your fingertips?</p><p>Now you can sample their entire range of 5 flavors in one easy order (excluding CLEW’s unflavored Original option). Every can has 20 moist pouches inside, and each pouch contains 6mg of tobacco leaf-free nicotine.</p><p>Adult nicotine consumers who are fans of mint and fruit will appreciate CLEW’s lineup. Keep in mind this mixpack is also available in 3mg, 9mg, or 12mg strengths if you’re looking for a different level of intensity.</p><h3>This mixpack contains:</h3><ul><li>1 x Spearmint 6mg</li><li>1 x Wintergreen 6mg</li><li>1 x Cool Mint 6mg</li><li>1 x Citrus 6mg</li><li>1 x Blueberry 6mg</li></ul><h2>About CLEW</h2><p><a href=""https://www.northerner.com/us/clew"">CLEW</a> is brought to you by Nevcore Innovations Inc. and intended for adult nicotine consumers over the age of 21 who want smokeless alternatives made from high quality ingredients. Available in an assortment of tobacco leaf-free flavors and strengths (from 3mg-12mg), CLEW caters to a wide range of preferences and is known for their ultra-smooth pouch design.</p>","","Normal","","Pack","","No","Yes","","","Northerner US,Nicokick US","2","6.0 mg/pouch","https://files.plytix.com/api/v1.1/file/public_files/pim/assets/a9/d9/19/63/6319d9a9f060d100017561d5/images/f2/76/ba/69/69ba76f2839daadccb18b69b/CLEW-6mg-mixpack-01.png?s=1200x","https://files.plytix.com/api/v1.1/file/public_files/pim/assets/a9/d9/19/63/6319d9a9f060d100017561d5/images/f2/76/ba/69/69ba76f2839daadccb18b69b/CLEW-6mg-mixpack-01.png?s=1200x","https://files.plytix.com/api/v1.1/file/public_files/pim/assets/a9/d9/19/63/6319d9a9f060d100017561d5/images/f2/76/ba/69/69ba76f2839daadccb18b69b/CLEW-6mg-mixpack-01.png?s=1200x","","","","","CLEW-W6MG#1, CLEW-S6MG#1, CLEW-CM6MG#1, CLEW-C6MG#1, CLEW-B6MG#1","Dynamic","CLEW 6mg Mixpack"
"CLEW-9mixpack","Bundle","Nicotine Pouches, Synthetic","CLEW 9mg Mixpack","CLEW 9mg Mixpack","CLEW","Nevcore Innovations Inc.","Novanic Labs Private Limited","All White Portion","All White Portion","Slim","20","","10.0","0.50","","0.35","Mixed","Wintergreen,Spearmint,Mint,Citrus,Blueberry","No","Yes","No","Synthetic Nicotine","18.0","9.0","","","","","","","Try 5 different CLEW pouches in this Strong (9mg) mixpack featuring a can of each flavor: Spearmint, Wintergreen, Cool Mint, Citrus, and Blueberry.","<h2>Discover the CLEW 9mg Mixpack</h2><p>New to CLEW or just prefer a variety of nicotine pouches at your fingertips?</p><p>Now you can sample their entire range of 5 flavors in one easy order (excluding CLEW’s unflavored Original option). Every can has 20 moist pouches inside, and each pouch contains 9mg of tobacco leaf-free nicotine.</p><p>Adult nicotine consumers who are fans of mint and fruit will appreciate CLEW’s lineup. Keep in mind this mixpack is also available in 3mg, 6mg, or 12mg strengths if you’re looking for a different level of intensity.</p><h3>This mixpack contains:</h3><ul><li>1 x Spearmint 9mg</li><li>1 x Wintergreen 9mg</li><li>1 x Cool Mint 9mg</li><li>1 x Citrus 9mg</li><li>1 x Blueberry 9mg</li></ul><h2>About CLEW</h2><p><a href=""https://www.northerner.com/us/clew"">CLEW</a> is brought to you by Nevcore Innovations Inc. and intended for adult nicotine consumers over the age of 21 who want smokeless alternatives made from high quality ingredients. Available in an assortment of tobacco leaf-free flavors and strengths (from 3mg-12mg), CLEW caters to a wide range of preferences and is known for their ultra-smooth pouch design.</p>","","Strong","","Pack","","No","Yes","","","Northerner US,Nicokick US","3","9.0 mg/pouch","https://files.plytix.com/api/v1.1/file/public_files/pim/assets/a9/d9/19/63/6319d9a9f060d100017561d5/images/0c/77/ba/69/69ba770c6ff6c860d268274b/CLEW-9mg-mixpack-01.png?s=1200x","https://files.plytix.com/api/v1.1/file/public_files/pim/assets/a9/d9/19/63/6319d9a9f060d100017561d5/images/0c/77/ba/69/69ba770c6ff6c860d268274b/CLEW-9mg-mixpack-01.png?s=1200x","https://files.plytix.com/api/v1.1/file/public_files/pim/assets/a9/d9/19/63/6319d9a9f060d100017561d5/images/0c/77/ba/69/69ba770c6ff6c860d268274b/CLEW-9mg-mixpack-01.png?s=1200x","","","","","CLEW-W9MG#1, CLEW-S9MG#1, CLEW-CM9MG#1, CLEW-C9MG#1, CLEW-B9MG#1","Dynamic","CLEW 9mg Mixpack"
"grizzlymix-12mg","Bundle","Nicotine Pouches, Synthetic","Grizzly Mixpack 12MG","Grizzly Mixpack 12MG","Grizzly","American Snuff Co","R.J. Reynolds","All White Portion","All White Portion","Slim","20","","10.6","0.53","","0.375","Mixed","Watermelon,Mint,Wintergreen","No","Yes","No","Synthetic Nicotine","22.6","12.0","","","","","","","<p>Now you can enjoy Grizzly’s Mint, Wintergreen, and Southern flavors all in the same 12mg mixpack. Each can contains 20 pouches.</p>","<h2>What's Included:</h2><ul><li>1 can x <strong>Grizzly Mint</strong></li><li>1 can x <strong>Grizzly Wintergreen</strong></li><li>1 can x <strong>Grizzly Southern</strong></li></ul><p>These pouches are considered Extra Strong since they contain 12mg of tobacco-free nicotine. A 9mg Grizzly Mixpack is also available.</p>","","Extra Strong","","Pack","","No","Yes","","","Northerner US,Nicokick US","4","12.0 mg/pouch","https://files.plytix.com/api/v1.1/file/public_files/pim/assets/a9/d9/19/63/6319d9a9f060d100017561d5/images/61/74/ba/69/69ba74614bc2191b73fe7a1a/grizzlymix-12mg-01.png?s=1200x","https://files.plytix.com/api/v1.1/file/public_files/pim/assets/a9/d9/19/63/6319d9a9f060d100017561d5/images/61/74/ba/69/69ba74614bc2191b73fe7a1a/grizzlymix-12mg-01.png?s=1200x","https://files.plytix.com/api/v1.1/file/public_files/pim/assets/a9/d9/19/63/6319d9a9f060d100017561d5/images/61/74/ba/69/69ba74614bc2191b73fe7a1a/grizzlymix-12mg-01.png?s=1200x","","","","","KSD-295485#1, KSD-295477#1, KSD-295451#1","Dynamic","Grizzly Mixpack 12MG"
"grizzlymix-9mg","Bundle","Nicotine Pouches, Synthetic","Grizzly Mixpack 9MG","Grizzly Mixpack 9MG","Grizzly","American Snuff Co","R.J. Reynolds","All White Portion","All White Portion","Slim","20","","10.6","0.53","","0.375","Mixed","Watermelon,Mint,Wintergreen","No","Yes","No","Synthetic Nicotine","16.9","9.0","","","","","","","<p>Now you can enjoy Grizzly’s Mint, Wintergreen, and Southern flavors all in the same 9mg mixpack. Each can contains 20 pouches.</p>","<h2>What's Included:</h2><ul><li>1 can x <strong>Grizzly Mint</strong></li><li>1 can x <strong>Grizzly Wintergreen</strong></li><li>1 can x <strong>Grizzly Southern</strong></li></ul><p>These pouches are considered Strong since they contain 9mg of tobacco-free nicotine. A 12mg Grizzly Mixpack is also available.</p>","","Strong","","Pack","","No","Yes","","","Northerner US,Nicokick US","3","9.0 mg/pouch","https://files.plytix.com/api/v1.1/file/public_files/pim/assets/a9/d9/19/63/6319d9a9f060d100017561d5/images/7b/74/ba/69/69ba747b36b4a3123424d1b3/grizzlymix-9mg-01.png?s=1200x","https://files.plytix.com/api/v1.1/file/public_files/pim/assets/a9/d9/19/63/6319d9a9f060d100017561d5/images/7b/74/ba/69/69ba747b36b4a3123424d1b3/grizzlymix-9mg-01.png?s=1200x","https://files.plytix.com/api/v1.1/file/public_files/pim/assets/a9/d9/19/63/6319d9a9f060d100017561d5/images/7b/74/ba/69/69ba747b36b4a3123424d1b3/grizzlymix-9mg-01.png?s=1200x","","","","","KSD-295121#1, KSD-295113#1, KSD-295139#1","Dynamic","Grizzly Mixpack 9MG"
"ICC-onlessintmp5","Bundle","Nicotine Pouches, USA","On! 2MG Mixpack","On! 2MG Mixpack","on!","Helix Innovations LLC","Altria Group","All White Portion","All White Portion","Mini","20","","5.3","0.27","","0.19","Mixed","Mint,Wintergreen,Coffee,Cinnamon,Citrus","No","Yes","No","Tobacco Leaf Nicotine","7.55","2.0","","","","","","","A mixed pack of On! 2mg nicotine pouches.","","","Less Intense","","Pack","","No","Yes","","","Northerner US,Nicokick US","1","2.0 mg/pouch","https://files.plytix.com/api/v1.1/file/public_files/pim/assets/a9/d9/19/63/6319d9a9f060d100017561d5/images/be/82/df/69/69df82be75818b4960464649/ICC-onlessintmp5-01.png?s=1200x","https://files.plytix.com/api/v1.1/file/public_files/pim/assets/a9/d9/19/63/6319d9a9f060d100017561d5/images/be/82/df/69/69df82be75818b4960464649/ICC-onlessintmp5-01.png?s=1200x","https://files.plytix.com/api/v1.1/file/public_files/pim/assets/a9/d9/19/63/6319d9a9f060d100017561d5/images/be/82/df/69/69df82be75818b4960464649/ICC-onlessintmp5-01.png?s=1200x","","","","","ICC-3012#1, ICC-3002#1, ICC-3022#1, ICC-3052#1, ICC-3042#1","Dynamic","On! 2MG Mixpack"
"ICC-onstartermp5","Bundle","Nicotine Pouches, USA","On! 4MG Mixpack","On! 4MG Mixpack","on!","Helix Innovations LLC","Altria Group","All White Portion","All White Portion","Mini","20","","5.3","0.27","","0.19","Mixed","Mint,Wintergreen,Cinnamon,Coffee,Citrus","No","Yes","No","Tobacco Leaf Nicotine","15.1","4.0","","","","","","","A mixed pack of On! 4mg nicotine pouches.","","","Normal","","Pack","","No","Yes","","","Northerner US,Nicokick US","2","4.0 mg/pouch","https://files.plytix.com/api/v1.1/file/public_files/pim/assets/a9/d9/19/63/6319d9a9f060d100017561d5/images/a2/82/df/69/69df82a275818b496046463e/ICC-onstartermp5-01.png?s=1200x","https://files.plytix.com/api/v1.1/file/public_files/pim/assets/a9/d9/19/63/6319d9a9f060d100017561d5/images/a2/82/df/69/69df82a275818b496046463e/ICC-onstartermp5-01.png?s=1200x","https://files.plytix.com/api/v1.1/file/public_files/pim/assets/a9/d9/19/63/6319d9a9f060d100017561d5/images/a2/82/df/69/69df82a275818b496046463e/ICC-onstartermp5-01.png?s=1200x","","","","","ICC-3014#1, ICC-3004#1, ICC-3054#1, ICC-3024#1, ICC-3044#1","Dynamic","On! 4MG Mixpack"
"ICC-onstrongmp5","Bundle","Nicotine Pouches, USA","On! 8MG Mixpack","On! 8MG Mixpack","on!","Helix Innovations LLC","Altria Group","All White Portion","All White Portion","Mini","20","","5.3","0.27","","0.19","Mixed","Mint,Wintergreen,Cinnamon,Coffee,Citrus","No","Yes","No","Tobacco Leaf Nicotine","30.7","8.0","","","","","","","A mixed pack of On! 8mg nicotine pouches.","","","Strong","","Pack","","No","Yes","","","Northerner US,Nicokick US","3","8.0 mg/pouch","https://files.plytix.com/api/v1.1/file/public_files/pim/assets/a9/d9/19/63/6319d9a9f060d100017561d5/images/85/82/df/69/69df8285c492eb7fc6a020f3/ICC-onstrongmp5-01.png?s=1200x","https://files.plytix.com/api/v1.1/file/public_files/pim/assets/a9/d9/19/63/6319d9a9f060d100017561d5/images/85/82/df/69/69df8285c492eb7fc6a020f3/ICC-onstrongmp5-01.png?s=1200x","https://files.plytix.com/api/v1.1/file/public_files/pim/assets/a9/d9/19/63/6319d9a9f060d100017561d5/images/85/82/df/69/69df8285c492eb7fc6a020f3/ICC-onstrongmp5-01.png?s=1200x","","","","","ICC-3018#1, ICC-3008#1, ICC-3058#1, ICC-3028#1, ICC-3048#1","Dynamic","On! 8MG Mixpack"
"JH-10best12MGmix","Bundle","Nicotine Pouches, Synthetic","JUICE HEAD 12mg Bestsellers - Ten Count","JUICE HEAD 12mg Bestsellers - Ten Count","Juice Head","Streamline Group Inc","Streamline Group Inc","All White Portion","All White Portion","Slim","20","","10.0","0.50","","0.35","Mixed","Blueberry,Lemon,Mint,Strawberry,Watermelon","No","Yes","No","Synthetic Nicotine","24.0","12.0","","","","","","","Juice Head 12mg Bestsellers - Ten Count: five cans of Blueberry Lemon Mint 12mg and Watermelon Strawberry Mint 12mg","<h2>About the Juice Head 12mg Bestsellers</h2><p>Juice Head 12mg Bestsellers - Ten Count: a range of fruit-forward, mint-back pouches that are tobacco-free. Each Juice Head pouch is made with Zero Tobacco Nicotine® (ZTN) - a form of synthetic nicotine - and offers a tobacco-free alternative to traditional oral tobacco products.</p><p>This <a href=""https://www.northerner.com/us/juice-head"">Juice Head pouches</a> mixpack contains two flavors of Juice Head 12mg pouches.</p><h3>Contents of the Juice Head 12mg Bestsellers - Ten Count</h3><ul><li>Watermelon Strawberry Mint 12mg</li><li>Blueberry Lemon Mint 12mg</li></ul><h3>An Overview of Juice Head 12mg Pouches</h3><ul><li><strong>Flavors:</strong> Fruit Forward, Mint Back</li><li><strong>Nicotine Strength:</strong> 12mg/pouch (you can also <a href=""https://www.northerner.com/us/juice-head-pouches-6mg-mixpack"">buy Juice Head 6mg mixpacks</a> on Northerner)</li><li><strong>Number of Pouches per Can of Juice Head Pouches:</strong> 20</li><li><strong>Number of Cans Per Mixpack:</strong> 5</li><li><strong>Pouch Size:</strong> Regular</li><li><strong>Pouch Feel:</strong> Semi-Dry</li><li><strong>Manufacturer:</strong> Streamline Group Inc</li></ul><h2>How to Use Juice Head 12mg Pouches</h2><p>Make sure you use your Juice Head nicotine pouches properly. Follow these 4 steps to get underway with your pouches:</p><ol><li>Put one of the pouches into your mouth</li><li>Park the pouch under your upper or lower lip, between the lip and gum</li><li>Leave it in place for around 30 mins</li><li>Take out your used Juice Head pouch and throw it in the trash</li></ol><h2>About Juice Head</h2><p>Juice Head is a brand that offers the world’s first fruit-forward nicotine pouches. Juice Head nicotine pouches come in a range of unique flavor combinations that put fruit at the front, with mint to the back. These pouches are completely tobacco-free (as they are made with Zero Tobacco Nicotine® (ZTN), a type of synthetic nicotine) and smoke-free, offering a popular alternative to other oral tobacco products. You can <a href=""https://www.northerner.com/us/nicotine-pouches"">buy nicotine pouches</a>, including Juice Head Watermelon Strawberry Mint 6mg, online on Northerner. Northerner is the leading online smokeless tobacco retailer, with over 25 years of expertise and a proven selection of popular products. Order today for fast shipping across the US!</p>","","Extra Strong","","Pack","","No","Yes","","","Northerner US,Nicokick US","4","12.0 mg/pouch","https://files.plytix.com/api/v1.1/file/public_files/pim/assets/a9/d9/19/63/6319d9a9f060d100017561d5/images/24/58/df/69/69df582456a684fdf749542e/JuiceHead-12mg-Bestsellers-TenCount-01.png?s=1200x","https://files.plytix.com/api/v1.1/file/public_files/pim/assets/a9/d9/19/63/6319d9a9f060d100017561d5/images/24/58/df/69/69df582456a684fdf749542e/JuiceHead-12mg-Bestsellers-TenCount-01.png?s=1200x","https://files.plytix.com/api/v1.1/file/public_files/pim/assets/a9/d9/19/63/6319d9a9f060d100017561d5/images/24/58/df/69/69df582456a684fdf749542e/JuiceHead-12mg-Bestsellers-TenCount-01.png?s=1200x","","","","","JH-BLM12MG#5, JH-WSM12MG#5","Dynamic","JUICE HEAD 12mg Bestsellers - Ten Count"
"JH-DBM","Bundle","Nicotine Pouches, Synthetic","Juice Head Driver's Bundle Mixpack","Juice Head Driver's Bundle Mixpack","Juice Head","Streamline Group Inc","Streamline Group Inc","All White Portion","All White Portion","Slim","20","","10.0","0.50","","0.35","Mixed","Mint,Strawberry,Watermelon,Lemonade,Raspberry,Blueberry,Lemon","No","Yes","No","Synthetic Nicotine","","","","","","","","","<p>Start your engines with the Juice Head Driver’s Bundle featuring Blueberry Lemon Mint 6mg, Watermelon Strawberry Mint 6mg, and Raspberry Lemonade Mint 12mg.</p>","<h2>Discover the Juice Head Driver’s Bundle</h2><p>You’re in the driver’s seat with this exclusive 3-can pack from Juice Head containing 2 of their Regular (6mg) bestsellers as well as one Extra Strong (12mg) variety for those moments when you might need a little extra acceleration.</p><h3>This mixpack contains:</h3><ul><li>1 x Blueberry Lemon Mint 6mg</li><li>1 x Watermelon Strawberry Mint 6mg</li><li>1 x Raspberry Lemonade Mint 12mg</li></ul><h2>About Juice Head</h2><p><a href=""https://www.northerner.com/us/juice-head"">Juice Head</a> is known for their range of flavorsome and smokeless nicotine products that combine fruit and mint—the first of their kind to do so in the US. Manufactured by Streamline Group, they offer an assortment of Regular and Extra Strong nicotine pouches crafted from Zero Tobacco Nicotine®.</p>","","Mixed","","Pack","","No","Yes","","","Northerner US,Nicokick US","5"," mg/pouch","https://files.plytix.com/api/v1.1/file/public_files/pim/assets/a9/d9/19/63/6319d9a9f060d100017561d5/images/ca/74/ba/69/69ba74ca6ff6c860d26826e0/JuiceHead-DriversBundle-Mixpack-01.png?s=1200x","https://files.plytix.com/api/v1.1/file/public_files/pim/assets/a9/d9/19/63/6319d9a9f060d100017561d5/images/ca/74/ba/69/69ba74ca6ff6c860d26826e0/JuiceHead-DriversBundle-Mixpack-01.png?s=1200x","https://files.plytix.com/api/v1.1/file/public_files/pim/assets/a9/d9/19/63/6319d9a9f060d100017561d5/images/ca/74/ba/69/69ba74ca6ff6c860d26826e0/JuiceHead-DriversBundle-Mixpack-01.png?s=1200x","","","","","JH-WSM6MG#1, JH-RLM12MG#1, JH-BLM6MG#1","Dynamic","Juice Head Driver's Bundle Mixpack"
"JH-MIXPACK12MG","Bundle","Nicotine Pouches, Synthetic","Juice Head 12MG Mixpack","Juice Head Pouches 12MG Mixpack","Juice Head","Streamline Group Inc","Streamline Group Inc","All White Portion","All White Portion","Slim","20","","10.0","0.50","","0.35","Mixed","Blueberry,Lemon,Mint,Mango,Strawberry,Peach,Pineapple,Lemonade,Raspberry,Watermelon","No","Yes","No","Synthetic Nicotine","24.0","12.0","","","","","","","Try all the Juice Head 12mg flavors with one of our Northerner mixpacks!","<h2>About the Juice Head 12mg Mixpack</h2><p>Juice Head 12mg nicotine pouches: a range of fruit-forward, mint-back pouches that are tobacco-free. Each Juice Head pouch is made with Zero Tobacco Nicotine® (ZTN) - a form of synthetic nicotine - and offers a tobacco-free alternative to traditional oral tobacco products.</p><p>This <a href=""https://www.northerner.com/us/juice-head"">Juice Head pouches</a> mixpack contains all 5 flavors of Juice Head 12mg pouches.</p><h3>Contents of the Juice Head 12mg Mixpack</h3><ul><li>Peach Pineapple Mint 12mg</li><li>Watermelon Strawberry Mint 12mg</li><li>Mango Strawberry Mint 12mg</li><li>Raspberry Lemonade Mint 12mg</li><li>Blueberry Lemon Mint 12mg</li></ul><h3>An Overview of Juice Head 12mg Pouches</h3><ul><li><strong>Flavors:</strong> Fruit Forward, Mint Back</li><li><strong>Nicotine Strength:</strong> 12mg/pouch (you can also <a href=""https://www.northerner.com/us/juice-head-pouches-6mg-mixpack"">buy Juice Head 6mg mixpacks</a> on Northerner)</li><li><strong>Number of Pouches per Can of Juice Head Pouches:</strong> 20</li><li><strong>Number of Cans Per Mixpack:</strong> 5</li><li><strong>Pouch Size:</strong> Regular</li><li><strong>Pouch Feel:</strong> Semi-Dry</li><li><strong>Manufacturer:</strong> Streamline Group Inc</li></ul><h2>How to Use Juice Head 12mg Pouches</h2><p>Make sure you use your Juice Head nicotine pouches properly. Follow these 4 steps to get underway with your pouches:</p><ol><li>Put one of the pouches into your mouth</li><li>Park the pouch under your upper or lower lip, between the lip and gum</li><li>Leave it in place for around 30 mins</li><li>Take out your used Juice Head pouch and throw it in the trash</li></ol><h2>About Juice Head</h2><p>Juice Head is a brand that offers the world’s first fruit-forward nicotine pouches. Juice Head nicotine pouches come in a range of unique flavor combinations that put fruit at the front, with mint to the back. These pouches are completely tobacco-free (as they are made with Zero Tobacco Nicotine® (ZTN), a type of synthetic nicotine) and smoke-free, offering a popular alternative to other oral tobacco products. You can <a href=""https://www.northerner.com/us/nicotine-pouches"">buy nicotine pouches</a>, including Juice Head Watermelon Strawberry Mint 6mg, online on Northerner. Northerner is the leading online smokeless tobacco retailer, with over 25 years of expertise and a proven selection of popular products. Order today for fast shipping across the US!</p>","","Extra Strong","","Pack","","No","Yes","","","Northerner US,Nicokick US","4","12.0 mg/pouch","https://files.plytix.com/api/v1.1/file/public_files/pim/assets/a9/d9/19/63/6319d9a9f060d100017561d5/images/c4/57/df/69/69df57c49c4cdacfd6203b9c/JuiceHead-12mg-Mixpack-01.png?s=1200x","https://files.plytix.com/api/v1.1/file/public_files/pim/assets/a9/d9/19/63/6319d9a9f060d100017561d5/images/c4/57/df/69/69df57c49c4cdacfd6203b9c/JuiceHead-12mg-Mixpack-01.png?s=1200x","https://files.plytix.com/api/v1.1/file/public_files/pim/assets/a9/d9/19/63/6319d9a9f060d100017561d5/images/c4/57/df/69/69df57c49c4cdacfd6203b9c/JuiceHead-12mg-Mixpack-01.png?s=1200x","","","No","No","JH-BLM12MG#1, JH-MSM12MG#1, JH-PPM12MG#1, JH-RLM12MG#1, JH-WSM12MG#1","Dynamic","Juice Head Pouches 12MG Mixpack"
"JH-MIXPACK6MG","Bundle","Nicotine Pouches, Synthetic","Juice Head 6MG Mixpack","Juice Head Pouches 6MG Mixpack","Juice Head","Streamline Group Inc","Streamline Group Inc","All White Portion","All White Portion","Slim","20","","10.0","0.50","","0.35","Mixed","Blueberry,Lemon,Mint,Mango,Strawberry,Peach,Pineapple,Lemonade,Raspberry,Watermelon","No","Yes","No","Synthetic Nicotine","12.0","6.0","","","","","","","Try all the Juice Head 6mg flavors with one of our Northerner mixpacks!","<h2>About the Juice Head 6mg Mixpack</h2><p>Juice Head 6mg nicotine pouches: a range of fruit-forward, mint-back pouches that are tobacco-free. Each Juice Head pouch is made with Zero Tobacco Nicotine® (ZTN) - a form of synthetic nicotine - and offers a tobacco-free alternative to traditional oral tobacco products.</p><p>This <a href=""https://www.northerner.com/us/juice-head"">Juice Head pouches</a> mixpack contains all 5 flavors of Juice Head 6mg pouches.</p><h3>Contents of the Juice Head 6mg Mixpack</h3><ul><li>Peach Pineapple Mint 6mg</li><li>Watermelon Strawberry Mint 6mg</li><li>Mango Strawberry Mint 6mg</li><li>Raspberry Lemonade Mint 6mg</li><li>Blueberry Lemon Mint 6mg</li></ul><h3>An Overview of Juice Head 6mg Pouches</h3><ul><li><strong>Flavors:</strong> Fruit Forward, Mint Back</li><li><strong>Nicotine Strength:</strong> 6mg/pouch (you can also <a href=""https://www.northerner.com/us/juice-head-pouches-12mg-mixpack"">buy Juice Head 12mg mixpacks</a> on Northerner)</li><li><strong>Number of Pouches per Can of Juice Head Pouches:</strong> 20</li><li><strong>Number of Cans Per Mixpack:</strong> 5</li><li><strong>Pouch Size:</strong> Regular</li><li><strong>Pouch Feel:</strong> Semi-Dry</li><li><strong>Manufacturer:</strong> Streamline Group Inc</li></ul><h2>How to Use Juice Head 6mg Pouches</h2><p>Make sure you use your Juice Head nicotine pouches properly. Follow these 4 steps to get underway with your pouches:</p><ol><li>Put one of the pouches into your mouth</li><li>Park the pouch under your upper or lower lip, between the lip and gum</li><li>Leave it in place for around 30 mins</li><li>Take out your used Juice Head pouch and throw it in the trash</li></ol><h2>About Juice Head</h2><p>Juice Head is a brand that offers the world’s first fruit-forward nicotine pouches. Juice Head nicotine pouches come in a range of unique flavor combinations that put fruit at the front, with mint to the back. These pouches are completely tobacco-free (as they are made with Zero Tobacco Nicotine® (ZTN), a type of synthetic nicotine) and smoke-free, offering a popular alternative to other oral tobacco products. You can <a href=""https://www.northerner.com/us/nicotine-pouches"">buy nicotine pouches</a>, including Juice Head Watermelon Strawberry Mint 6mg, online on Northerner. Northerner is the leading online smokeless tobacco retailer, with over 25 years of expertise and a proven selection of popular products. Order today for fast shipping across the US!</p>","","Normal","","Pack","","No","Yes","","","Northerner US,Nicokick US","2","6.0 mg/pouch","https://files.plytix.com/api/v1.1/file/public_files/pim/assets/a9/d9/19/63/6319d9a9f060d100017561d5/images/f4/57/df/69/69df57f456a684fdf749541d/JuiceHead-6mg-Mixpack-01.png?s=1200x","https://files.plytix.com/api/v1.1/file/public_files/pim/assets/a9/d9/19/63/6319d9a9f060d100017561d5/images/f4/57/df/69/69df57f456a684fdf749541d/JuiceHead-6mg-Mixpack-01.png?s=1200x","https://files.plytix.com/api/v1.1/file/public_files/pim/assets/a9/d9/19/63/6319d9a9f060d100017561d5/images/f4/57/df/69/69df57f456a684fdf749541d/JuiceHead-6mg-Mixpack-01.png?s=1200x","","","No","No","JH-BLM6MG#1, JH-MSM6MG#1, JH-PPM6MG#1, JH-RLM6MG#1, JH-WSM6MG#1","Dynamic","Juice Head Pouches 6MG Mixpack"
"KSD-VPmixpack6","Bundle","Nicotine Pouches, Synthetic","VELO Plus Mixpack 6mg","VELO Plus Mixpack 6mg","VELO","Modoral Brand Inc","R.J. Reynolds","All White Portion","All White Portion","Slim","20","","10.6","0.53","","0.375","Mixed","Citrus,Mint,Peppermint,Spearmint,Wintergreen","No","Yes","No","Synthetic Nicotine","11.4","6.0","","","","","","","","","","Normal","","Pack","","No","Yes","","","Northerner US,Nicokick US","2","6.0 mg/pouch","https://files.plytix.com/api/v1.1/file/public_files/pim/assets/a9/d9/19/63/6319d9a9f060d100017561d5/images/0c/76/ba/69/69ba760c6ff6c860d2682728/VELO-Plus-Mixpack-6mg-01.png?s=1200x","https://files.plytix.com/api/v1.1/file/public_files/pim/assets/a9/d9/19/63/6319d9a9f060d100017561d5/images/0c/76/ba/69/69ba760c6ff6c860d2682728/VELO-Plus-Mixpack-6mg-01.png?s=1200x","https://files.plytix.com/api/v1.1/file/public_files/pim/assets/a9/d9/19/63/6319d9a9f060d100017561d5/images/0c/76/ba/69/69ba760c6ff6c860d2682728/VELO-Plus-Mixpack-6mg-01.png?s=1200x","","","No","No","KSD-294231#1, KSD-294264#1, KSD-294272#1, KSD-294280#1, KSD-294306#1","Dynamic","VELO Plus Mixpack 6mg"
"KSD-VPmixpack9","Bundle","Nicotine Pouches, Synthetic","VELO Plus Mixpack 9mg","VELO Plus Mixpack 9mg","VELO","Modoral Brand Inc","R.J. Reynolds","All White Portion","All White Portion","Slim","20","","10.6","0.53","","0.375","Mixed","Citrus,Mint,Wild Berries,Spearmint,Wintergreen","No","Yes","No","Synthetic Nicotine","17.0","9.0","","","","","","","","","","Strong","","Pack","","No","Yes","","","Northerner US,Nicokick US","3","9.0 mg/pouch","https://files.plytix.com/api/v1.1/file/public_files/pim/assets/a9/d9/19/63/6319d9a9f060d100017561d5/images/24/76/ba/69/69ba7624ac39ddbc02bed20c/VELO-Plus-Mixpack-9mg-01.png?s=1200x","https://files.plytix.com/api/v1.1/file/public_files/pim/assets/a9/d9/19/63/6319d9a9f060d100017561d5/images/24/76/ba/69/69ba7624ac39ddbc02bed20c/VELO-Plus-Mixpack-9mg-01.png?s=1200x","https://files.plytix.com/api/v1.1/file/public_files/pim/assets/a9/d9/19/63/6319d9a9f060d100017561d5/images/24/76/ba/69/69ba7624ac39ddbc02bed20c/VELO-Plus-Mixpack-9mg-01.png?s=1200x","","","No","No","KSD-294314#1, KSD-294322#1, KSD-294363#1, KSD-294355#1, KSD-294371#1","Dynamic","VELO Plus Mixpack 9mg"
"FRE-mp12mg","Bundle","Nicotine Pouches, Synthetic","FRE 12MG Mixpack","FRE 12MG Mixpack","FRE","Nu-X Ventures","Turning Point Brands","All White Portion","All White Portion","Slim","20","","9.98","0.50","","0.352","Mixed","Mint,Tropical Fruit,Watermelon,Wild Berries,Flavor Free,Wintergreen","No","Yes","No","Synthetic Nicotine","24.0","12.0","","","","","","","Try a range of popular FRE 12mg nicotine pouches.","<h2>About the FRE 12mg</h2><p>FRE 12mg pouches are nicotine pouches that are smoke-free, spit-free and made with synthetic nicotine (so there is no tobacco leaf or derivative in any FRE nicotine pouches). FRE pouches allow you to FRE yourself from compromise - their range are made to be fast acting and long-lasting, fitting into your life as they are easy wherever you are. Try a FRE 12mg mixpack with 4 popular FRE flavors.</p><h3>FRE 12mg Mixpack Contents</h3><ul><li>FRE Wintergreen 12mg</li><li>FRE Lush 12mg</li><li>FRE Mint 12mg</li><li>FRE Sweet 12mg</li></ul><h3>An Overview of FRE 12mg</h3><ul><li><strong>Flavors:</strong> Wintergreen, Fruit, Mint, Unflavored</li><li><strong>Nicotine Strength:</strong> 12mg/pouch</li><li><strong>Number of Pouches per FRE Can:</strong> 20</li><li><strong>Number of FRE Cans Per Mixpack:</strong> 4</li><li><strong>Pouch Size:</strong> Slim</li><li><strong>Pouch Feel:</strong> Semi-moist with pre-primed technology</li><li><strong>Manufacturer:</strong> Turning Point Brands</li></ul><h2>Step-By-Step: Using FRE 12mg Nicotine Pouches</h2><p>It is important that you use any nicotine pouches properly, including FRE 12mg nicotine pouches. Follow these 4 steps to get underway with your FRE pouches:</p><ol><li>Put one of the FRE nicotine pouches into your mouth</li><li>Park the pouch under your upper or lower lip, between the lip and gum</li><li>Leave it in place for around 30 mins</li><li>Take out your used pouch and throw it in the trash</li></ol><h2>About FRE Nicotine Pouches</h2><p><a href=""https://www.northerner.com/us/fre"">FRE nicotine pouches</a> are a range of high impact nicotine products that are smoke-free, spit-free and made with new Pre-Primed technology. FRE products are available in a variety of flavors and nicotine strengths, including Wintergreen, Mint, Sweet and Lush available in nicotine strengths from 3mg-15mg per pouch. Browse the full range of FRE pouches and order FRE on Northerner for fast shipping!</p>","","Extra Strong","","Pack","","No","Yes","","","Northerner US,Nicokick US","4","12.0 mg/pouch","https://files.plytix.com/api/v1.1/file/public_files/pim/assets/a9/d9/19/63/6319d9a9f060d100017561d5/images/0b/73/ba/69/69ba730b4bc2191b73fe79b9/FRE%2012MG%20Mixpack.png?s=1200x","https://files.plytix.com/api/v1.1/file/public_files/pim/assets/a9/d9/19/63/6319d9a9f060d100017561d5/images/0b/73/ba/69/69ba730b4bc2191b73fe79b9/FRE%2012MG%20Mixpack.png?s=1200x","https://files.plytix.com/api/v1.1/file/public_files/pim/assets/a9/d9/19/63/6319d9a9f060d100017561d5/images/0b/73/ba/69/69ba730b4bc2191b73fe79b9/FRE%2012MG%20Mixpack.png?s=1200x","","","","","FRE-16604#1, FRE-159128#1, FRE-159127#1, FRE-159129#1","Dynamic","FRE 12MG Mixpack"
"LCY-breakmix4mg","Bundle","Nicotine Pouches, Synthetic","Lucy Breakers 4MG Mixpack","Lucy Breakers 4MG Mixpack","Lucy","Lucy Goods Inc.","Lucy Goods","All White Portion","All White Portion","Slim","15","","","","","","Mixed","Apple Cider,Mint,Mango,Strawberry Lemonade","No","Yes","No","Synthetic Nicotine","","4.0","","","","","","","A mixpack of popular Lucy Breakers 4mg nicotine pouches.","<h2>About the Lucy Breakers 4mg Mix Pack</h2><p>Enjoy the taste and convenience of Lucy Breakers nicotine pouches, with their long-lasting flavor and soft touch. Smoke and spit-free, each pouch has a breaker capsule that enhances the flavor and moistens the pouch for a comfortable feel. Without causing any disturbance to others, you can use these <a href=""https://www.northerner.com/us/nicotine-pouches"">nicotine pouches</a> anywhere and anytime. Each of 15-pouch cans contains 15 pouches made with synthetic nicotine, so they're totally tobacco-free. This mixpack contains 4 different Lucy Breakers flavors.</p><h3>Lucy Breakers 4mg Mix Pack Contents</h3><ul><li>Lucy Breakers Berry Citrus 4mg</li><li>Lucy Breakers Apple Ice 4mg</li><li>Lucy Breakers Mango 4mg</li><li>Lucy Breakers Mint 4mg</li></ul><ul><li><strong>Flavors:</strong> Berry, Apple, Mango, Mint</li><li><strong>Nicotine Strength:</strong> 4mg/pouch</li><li><strong>Number of Pouches per Lucy Can:</strong> 15</li><li><strong>Number of Lucy Breakers Cans per Mixpack:</strong> 4</li><li><strong>Pouch Size:</strong> Slim</li><li><strong>Pouch Dryness:</strong> Moist, Soft Pouches</li><li><strong>Manufacturer:</strong> Lucy Goods, Inc</li></ul><h2>Step-By-Step: Using Lucy Breakers Nicotine Pouches</h2><p>To make the most of your Lucy Breakers pouches, here are 5 simple steps to follow:</p><ol><li>Pop a Lucy Breaker in your mouth</li><li>Park it between your lip and gum</li><li>When you’re ready for a rush of flavor, just break open the flavor capsule gently with your teeth, then pop the pouch back in place</li><li>Leave it for up to 30 minutes (Pro Tip: move the pouch a little if you want a little extra release)</li><li>Take out the pouch and put it in the trash</li></ol><h2>About Lucy Nicotine Pouches</h2><p>For adult nicotine users in the U.S., Lucy is the go-to brand for next level nicotine products. With their range of nicotine pouches and nicotine gum, Lucy offers a completely tobacco-free experience with their synthetic nicotine products. There are two varieties of their nicotine pouches available, Breakers and Slim, with a variety of flavors and nicotine strengths from 4mg to 12mg. Those looking for an alternative to nicotine pouches can try out the Chew + Park gum from Lucy. Get your <a href=""https://www.northerner.com/us/lucy"">Lucy nicotine pouches</a> at an affordable price on Northerner with fast shipping.</p>","","Normal","","Pack","","No","Yes","","","Northerner US,Nicokick US","2","4.0 mg/pouch","https://files.plytix.com/api/v1.1/file/public_files/pim/assets/a9/d9/19/63/6319d9a9f060d100017561d5/images/d9/79/df/69/69df79d9b13b19ad41a2b47d/LCY-breakmix4mg-01.png?s=1200x","https://files.plytix.com/api/v1.1/file/public_files/pim/assets/a9/d9/19/63/6319d9a9f060d100017561d5/images/d9/79/df/69/69df79d9b13b19ad41a2b47d/LCY-breakmix4mg-01.png?s=1200x","https://files.plytix.com/api/v1.1/file/public_files/pim/assets/a9/d9/19/63/6319d9a9f060d100017561d5/images/d9/79/df/69/69df79d9b13b19ad41a2b47d/LCY-breakmix4mg-01.png?s=1200x","","","","","KP15PC5X4MGCCUS#1, KP15PC5X4MGMGUS#1, KP15PC5X4MGSMUS#1, LCY-BBC4MG#1","Dynamic","Lucy Breakers 4MG Mixpack"
"LCY-pouchmix12mg","Bundle","Nicotine Pouches, Synthetic","Lucy Pouches 12MG Mixpack","Lucy Pouches 12MG Mixpack","Lucy","Lucy Goods Inc.","Lucy Goods","All White Portion","All White Portion","Slim","15","","","","","","Mixed","Apple Cider,Mint,Mango,Wintergreen","No","Yes","No","Synthetic Nicotine","","12.0","","","","","","","A mixpack of popular Lucy 12mg nicotine pouches.","<h2>About the Lucy Pouches 12mg Mix Pack</h2><p>Lucy 12mg nicotine pouches provide flavor while also being ultra-soft and well moistened for a comfortable experience and speedy nicotine release. Enjoy these <a href=""https://www.northerner.com/us/nicotine-pouches"">nicotine pouches</a> anywhere and anytime without having to worry about disturbing others, as they are both smoke-free and spit-free! Each pack contains four cans of Lucy nicotine pouches.</p><h3>Lucy 12mg Mix Pack Contents</h3><ul><li>Lucy Wintergreen 12mg</li><li>Lucy Mint 12mg</li><li>Lucy Mango 12mg</li><li>Lucy Apple Ice 12mg</li></ul><h3>Lucy 12mg Mix Pack Review</h3><ul><li><strong>Flavors:</strong> Mango, Apple, Mint, Wintergreen</li><li><strong>Nicotine Strength:</strong> 12mg/pouch</li><li><strong>Number of Pouches per Lucy Can:</strong> 15</li><li><strong>Number of Lucy Cans per Mixpack:</strong> 4</li><li><strong>Pouch Size:</strong> Slim</li><li><strong>Pouch Dryness:</strong> Moist</li><li><strong>Manufacturer:</strong> Lucy Goods, Inc</li></ul><h2>Step-By-Step: Using Lucy Nicotine Pouches</h2><p>Make sure you use your Lucy nicotine pouches properly. Follow these 4 steps to get underway with your pouches:</p><ol><li>Put one of the pouches into your mouth</li><li>Park the pouch under your upper or lower lip, between the lip and gum</li><li>Leave it in place for around 30 mins</li><li>Take out your used Lucy pouch and throw it in the trash</li></ol><h2>About Lucy Nicotine Pouches</h2><p>For adult nicotine users in the U.S., Lucy is the go-to brand for next level nicotine products. With their range of nicotine pouches and nicotine gum, Lucy offers a completely tobacco-free experience with their synthetic nicotine products. There are two varieties of their nicotine pouches available, Breakers and Slim, with a variety of flavors and nicotine strengths from 4mg to 12mg. Those looking for an alternative to nicotine pouches can try out the Chew + Park gum from Lucy. Get your <a href=""https://www.northerner.com/us/lucy"">Lucy nicotine pouches</a> at an affordable price on Northerner with fast shipping.</p>","","Mixed","","Pack","","No","Yes","","","Northerner US,Nicokick US","4","12.0 mg/pouch","https://files.plytix.com/api/v1.1/file/public_files/pim/assets/a9/d9/19/63/6319d9a9f060d100017561d5/images/52/7c/df/69/69df7c5248bb4e4f1303153b/LCY-pouchmix12mg-01.png?s=1200x","https://files.plytix.com/api/v1.1/file/public_files/pim/assets/a9/d9/19/63/6319d9a9f060d100017561d5/images/52/7c/df/69/69df7c5248bb4e4f1303153b/LCY-pouchmix12mg-01.png?s=1200x","https://files.plytix.com/api/v1.1/file/public_files/pim/assets/a9/d9/19/63/6319d9a9f060d100017561d5/images/52/7c/df/69/69df7c5248bb4e4f1303153b/LCY-pouchmix12mg-01.png?s=1200x","","","","","LCY-AI12MG#1, SP15PC5X12MGMGUS#1, LCY-MI12MG#1, SP15PC12MGMTUS#1","Dynamic","Lucy Pouches 12MG Mixpack"
"LCY-pouchmix4mg","Bundle","Nicotine Pouches, Synthetic","Lucy Pouches 4MG Mixpack","Lucy Pouches 4MG Mixpack","Lucy","Lucy Goods Inc.","Lucy Goods","All White Portion","All White Portion","Slim","15","","8.25","0.55","","0.29","Mixed","Apple Cider,Mint,Wintergreen,Mango","No","Yes","No","Synthetic Nicotine","7.3","4.0","","","","","","","A mixpack of popular Lucy 4mg nicotine pouches.","<h2>About the Lucy Pouches 4mg Mix Pack</h2><p>Lucy 4mg nicotine pouches provide flavor while also being ultra-soft and well moistened for a comfortable experience and speedy nicotine release. Enjoy these <a href=""https://www.northerner.com/us/nicotine-pouches"">nicotine pouches</a> anywhere and anytime without having to worry about disturbing others, as they are both smoke-free and spit-free! Each pack contains four cans of Lucy nicotine pouches.</p><h3>Lucy 4mg Mix Pack Contents</h3><ul><li>Lucy Wintergreen 4mg</li><li>Lucy Mint 4mg</li><li>Lucy Mango 4mg</li><li>Lucy Apple Ice 4mg</li></ul><h3>Lucy 4mg Mix Pack Review</h3><ul><li><strong>Flavors:</strong> Mango, Apple, Mint, Wintergreen</li><li><strong>Nicotine Strength:</strong> 4mg/pouch</li><li><strong>Number of Pouches per Lucy Can:</strong> 15</li><li><strong>Number of Lucy Cans per Mixpack:</strong> 4</li><li><strong>Pouch Size:</strong> Slim</li><li><strong>Pouch Dryness:</strong> Moist</li><li><strong>Manufacturer:</strong> Lucy Goods, Inc</li></ul><h2>Step-By-Step: Using Lucy Nicotine Pouches</h2><p>Make sure you use your Lucy nicotine pouches properly. Follow these 4 steps to get underway with your pouches:</p><ol><li>Put one of the pouches into your mouth</li><li>Park the pouch under your upper or lower lip, between the lip and gum</li><li>Leave it in place for around 30 mins</li><li>Take out your used Lucy pouch and throw it in the trash</li></ol><h2>About Lucy Nicotine Pouches</h2><p>For adult nicotine users in the U.S., Lucy is the go-to brand for next level nicotine products. With their range of nicotine pouches and nicotine gum, Lucy offers a completely tobacco-free experience with their synthetic nicotine products. There are two varieties of their nicotine pouches available, Breakers and Slim, with a variety of flavors and nicotine strengths from 4mg to 12mg. Those looking for an alternative to nicotine pouches can try out the Chew + Park gum from Lucy. Get your <a href=""https://www.northerner.com/us/lucy"">Lucy nicotine pouches</a> at an affordable price on Northerner with fast shipping.</p>","","Normal","","Pack","","No","Yes","","","Northerner US,Nicokick US","2","4.0 mg/pouch","https://files.plytix.com/api/v1.1/file/public_files/pim/assets/a9/d9/19/63/6319d9a9f060d100017561d5/images/99/7c/df/69/69df7c9966088247f49576ad/LCY-pouchmix4mg-01.png?s=1200x","https://files.plytix.com/api/v1.1/file/public_files/pim/assets/a9/d9/19/63/6319d9a9f060d100017561d5/images/99/7c/df/69/69df7c9966088247f49576ad/LCY-pouchmix4mg-01.png?s=1200x","https://files.plytix.com/api/v1.1/file/public_files/pim/assets/a9/d9/19/63/6319d9a9f060d100017561d5/images/99/7c/df/69/69df7c9966088247f49576ad/LCY-pouchmix4mg-01.png?s=1200x","","","","","LCY-AI4MG#1, LCY-MI4MG#1, LCY-WG4MG#1, LCY-MA4MG#1","Dynamic","Lucy Pouches 4MG Mixpack"
"LCY-pouchmix8mg","Bundle","Nicotine Pouches, Synthetic","Lucy Pouches 8MG Mixpack","Lucy Pouches 8MG Mixpack","Lucy","Lucy Goods Inc.","Lucy Goods","All White Portion","All White Portion","Slim","15","","","","","","Mixed","Apple Cider,Mint,Mango,Wintergreen","No","Yes","No","Synthetic Nicotine","","8.0","","","","","","","A mixpack of popular Lucy 8mg nicotine pouches.","<h2>About the Lucy Pouches 8mg Mix Pack</h2><p>Lucy 8mg nicotine pouches provide flavor while also being ultra-soft and well moistened for a comfortable experience and speedy nicotine release. Enjoy these <a href=""https://www.northerner.com/us/nicotine-pouches"">nicotine pouches</a> anywhere and anytime without having to worry about disturbing others, as they are both smoke-free and spit-free! Each pack contains four cans of Lucy nicotine pouches.</p><h3>Lucy 8mg Mix Pack Contents</h3><ul><li>Lucy Wintergreen 8mg</li><li>Lucy Mint 8mg</li><li>Lucy Mango 8mg</li><li>Lucy Apple Ice 8mg</li></ul><h3>Lucy 8mg Mix Pack Review</h3><ul><li><strong>Flavors:</strong> Mango, Apple, Mint, Wintergreen</li><li><strong>Nicotine Strength:</strong> 8mg/pouch</li><li><strong>Number of Pouches per Lucy Can:</strong> 15</li><li><strong>Number of Lucy Cans per Mixpack:</strong> 4</li><li><strong>Pouch Size:</strong> Slim</li><li><strong>Pouch Dryness:</strong> Moist</li><li><strong>Manufacturer:</strong> Lucy Goods, Inc</li></ul><h2>Step-By-Step: Using Lucy Nicotine Pouches</h2><p>Make sure you use your Lucy nicotine pouches properly. Follow these 4 steps to get underway with your pouches:</p><ol><li>Put one of the pouches into your mouth</li><li>Park the pouch under your upper or lower lip, between the lip and gum</li><li>Leave it in place for around 30 mins</li><li>Take out your used Lucy pouch and throw it in the trash</li></ol><h2>About Lucy Nicotine Pouches</h2><p>For adult nicotine users in the U.S., Lucy is the go-to brand for next level nicotine products. With their range of nicotine pouches and nicotine gum, Lucy offers a completely tobacco-free experience with their synthetic nicotine products. There are two varieties of their nicotine pouches available, Breakers and Slim, with a variety of flavors and nicotine strengths from 4mg to 12mg. Those looking for an alternative to nicotine pouches can try out the Chew + Park gum from Lucy. Get your <a href=""https://www.northerner.com/us/lucy"">Lucy nicotine pouches</a> at an affordable price on Northerner with fast shipping.</p>","","Mixed","","Pack","","No","Yes","","","Northerner US,Nicokick US","3","8.0 mg/pouch","https://files.plytix.com/api/v1.1/file/public_files/pim/assets/a9/d9/19/63/6319d9a9f060d100017561d5/images/6e/7c/df/69/69df7c6e5e973f00eb864c69/LCY-pouchmix8mg-01.png?s=1200x","https://files.plytix.com/api/v1.1/file/public_files/pim/assets/a9/d9/19/63/6319d9a9f060d100017561d5/images/6e/7c/df/69/69df7c6e5e973f00eb864c69/LCY-pouchmix8mg-01.png?s=1200x","https://files.plytix.com/api/v1.1/file/public_files/pim/assets/a9/d9/19/63/6319d9a9f060d100017561d5/images/6e/7c/df/69/69df7c6e5e973f00eb864c69/LCY-pouchmix8mg-01.png?s=1200x","","","","","LCY-AI8MG#1, SP15PC5X8MGMGUS#1, LCY-MI8MG#1, SP15PC8MGMTUS#1","Dynamic","Lucy Pouches 8MG Mixpack"
"mint-to-be-duo","Bundle","Nicotine Pouches, Synthetic","Mint to Be","Mint to Be Multipack","Mixed","","","All White Portion","All White Portion","Slim","20","","","","","","Mint","Mint","No","Yes","No","Synthetic Nicotine","","6.0","","","","","","","","","","Normal","","Pack","","No","Yes","","","Northerner US","2","6.0 mg/pouch","https://files.plytix.com/api/v1.1/file/public_files/pim/assets/a9/d9/19/63/6319d9a9f060d100017561d5/images/9b/59/df/69/69df599b48bb4e4f13030a89/mint-to-be-840.png?s=1200x","https://files.plytix.com/api/v1.1/file/public_files/pim/assets/a9/d9/19/63/6319d9a9f060d100017561d5/images/9b/59/df/69/69df599b48bb4e4f13030a89/mint-to-be-840.png?s=1200x","https://files.plytix.com/api/v1.1/file/public_files/pim/assets/a9/d9/19/63/6319d9a9f060d100017561d5/images/9b/59/df/69/69df599b48bb4e4f13030a89/mint-to-be-840.png?s=1200x","","","","","KSD-294264#1, Z-P1020B#1","Dynamic","Mint to Be Multipack"
"ZYN-mintmix3mg","Bundle","Nicotine Pouches, USA","ZYN Mint Mixpack 3MG","ZYN Mint Mixpack 3MG","ZYN","Swedish Match","Swedish Match USA","All White Portion","All White Portion","White Pouches","15","","6.0","0.40","","0.21","Mixed","Wintergreen,Spearmint,Mint,Peppermint","No","Yes","No","Tobacco Leaf Nicotine","7.5","3.0","","","","","","","","<h2>Discover ZYN Mint Mixpack 3MG</h2><p>Get a range of ZYN Mint 3mg flavors with our mixpack of 4 ZYN cans. These pouches provide an alternative to traditional oral tobacco products. Each can contains 15 all-white pouches.</p><h3>This mixpack contains:</h3><ul><li>1x ZYN Wintergreen 3mg</li><li>1x ZYN Spearmint 3mg</li><li>1x ZYN Cool Mint 3mg</li><li>1x ZYN Peppermint 3mg</li></ul><p><strong>How to Use:</strong> Break the seal and open the lid. Place one ZYN pouch under your lip and leave it in place for up to an hour. After use, remove and dispose of the pouch properly in the trash.</p><h3>About ZYN</h3><p><a href=""https://www.northerner.com/us/zyn"">ZYN</a> is one of the leading nicotine pouch brands in the US. Manufactured by Swedish Match, they provide high-quality, smokeless products free from tobacco leaf. The ZYN lineup includes 10 flavors, each offered in two strengths with either 3mg or 6mg of nicotine per pouch.</p>","","3MG","","Pack","","No","Yes","","","Northerner US,Nicokick US","1","3.0 mg/pouch","https://files.plytix.com/api/v1.1/file/public_files/pim/assets/a9/d9/19/63/6319d9a9f060d100017561d5/images/d6/92/df/69/69df92d648bb4e4f13031bad/ZYN-mintmix3mg-01.png?s=1200x","https://files.plytix.com/api/v1.1/file/public_files/pim/assets/a9/d9/19/63/6319d9a9f060d100017561d5/images/d6/92/df/69/69df92d648bb4e4f13031bad/ZYN-mintmix3mg-01.png?s=1200x","https://files.plytix.com/api/v1.1/file/public_files/pim/assets/a9/d9/19/63/6319d9a9f060d100017561d5/images/d6/92/df/69/69df92d648bb4e4f13031bad/ZYN-mintmix3mg-01.png?s=1200x","","","","","SMN-903510#1, SMN-902510#1, SMN-900510#1, SMN-901510#1","Dynamic","ZYN Mint Mixpack 3MG"
"ZYN-mintmix6mg","Bundle","Nicotine Pouches, USA","ZYN Mint Mixpack 6MG","ZYN Mint Mixpack 6MG","ZYN","Swedish Match","Swedish Match USA","All White Portion","All White Portion","White Pouches","15","","6.0","0.40","","0.21","Mixed","Wintergreen,Spearmint,Mint,Peppermint","No","Yes","No","Tobacco Leaf Nicotine","15.0","6.0","","","","","","","","<h2>Discover ZYN Mint Mixpack 6MG</h2><p>Get a range of ZYN Mint 6mg flavors with our mixpack of 4 ZYN cans. These pouches provide an alternative to traditional oral tobacco products. Each can contains 15 all-white pouches.</p><h3>This mixpack contains:</h3><ul><li>1x ZYN Wintergreen 6mg</li><li>1x ZYN Spearmint 6mg</li><li>1x ZYN Cool Mint 6mg</li><li>1x ZYN Peppermint 6mg</li></ul><p><strong>How to Use:</strong> Break the seal and open the lid. Place one ZYN pouch under your lip and leave it in place for up to an hour. After use, remove and dispose of the pouch properly in the trash.</p><h3>About ZYN</h3><p><a href=""https://www.northerner.com/us/zyn"">ZYN</a> is one of the leading nicotine pouch brands in the US. Manufactured by Swedish Match, they provide high-quality, smokeless products free from tobacco leaf. The ZYN lineup includes 10 flavors, each offered in two strengths with either 3mg or 6mg of nicotine per pouch.</p>","","6MG","","Pack","","No","Yes","","","Northerner US,Nicokick US","2","6.0 mg/pouch","https://files.plytix.com/api/v1.1/file/public_files/pim/assets/a9/d9/19/63/6319d9a9f060d100017561d5/images/be/92/df/69/69df92be48bb4e4f13031ba6/ZYN-mintmix6mg-01.png?s=1200x","https://files.plytix.com/api/v1.1/file/public_files/pim/assets/a9/d9/19/63/6319d9a9f060d100017561d5/images/be/92/df/69/69df92be48bb4e4f13031ba6/ZYN-mintmix6mg-01.png?s=1200x","https://files.plytix.com/api/v1.1/file/public_files/pim/assets/a9/d9/19/63/6319d9a9f060d100017561d5/images/be/92/df/69/69df92be48bb4e4f13031ba6/ZYN-mintmix6mg-01.png?s=1200x","","","","","SMN-903520#1, SMN-902520#1, SMN-900520#1, SMN-901520#1","Dynamic","ZYN Mint Mixpack 6MG"
"sesh-mixpack4mg","Bundle","Nicotine Pouches, Synthetic","Sesh+ 4mg Mixpack","Sesh+ 4mg Mixpack","SESH","Sesh Products US Inc.","Sesh Products US Inc.","All White Portion","All White Portion","Slim","20","","11.3","0.57","","0.4","Mixed","Mint,Wintergreen,Mango,Coffee,Flavor Free","No","Yes","No","Synthetic Nicotine","7.1","4.0","","","","","","","Sample the entire Sesh+ range of 5 flavors (including 1 unflavored) in a 4mg strength.","<h2>Discover the Sesh 4mg Mixpack</h2><p>Try every flavor that Sesh+ nicotine pouches have to offer, including 1 unflavored variety in this Regular (4mg) mixpack.</p><p>Sesh+ nicotine pouches feature a soft, slim design and unique gum-based formulation that's lightly chewable.</p><p>With 20 pouches per can, this mixpack gives you the variety of 5 flavors at your fingertips and 100 pouches worth of value.</p><h3>This mixpack contains:</h3><ul><li><ul><li>1 x Sesh+ Mango 4mg</li><li>1 x Sesh+ Mint 4mg</li><li>1 x Sesh+ Wintergreen 4mg</li><li>1 x Sesh+ Cappuccino 4mg</li><li>1 x Sesh+ Clear 4mg</li></ul></li></ul><h2>About Sesh</h2><p>Crafted in Sweden but made for the American consumer, <a href=""https://www.northerner.com/us/sesh"">Sesh+</a> is an independent producer of premium tobacco-free alternatives for adults. Their nicotine pouches stand out for their taste, texture, and tech—now available in 5 flavors and 3 strengths.</p>","","Normal","","Pack","","No","Yes","","","Northerner US,Nicokick US","2","4.0 mg/pouch","https://files.plytix.com/api/v1.1/file/public_files/pim/assets/a9/d9/19/63/6319d9a9f060d100017561d5/images/9a/4e/df/69/69df4e9a56a684fdf7495177/Sesh-4mg-Mixpack-01.png?s=1200x","https://files.plytix.com/api/v1.1/file/public_files/pim/assets/a9/d9/19/63/6319d9a9f060d100017561d5/images/9a/4e/df/69/69df4e9a56a684fdf7495177/Sesh-4mg-Mixpack-01.png?s=1200x","https://files.plytix.com/api/v1.1/file/public_files/pim/assets/a9/d9/19/63/6319d9a9f060d100017561d5/images/9a/4e/df/69/69df4e9a56a684fdf7495177/Sesh-4mg-Mixpack-01.png?s=1200x","","","","","SPM-10004#1, SPW-10004#1, SPG-10004#1, SPN-10004#1, SPC-20004#1","Dynamic","Sesh+ 4mg Mixpack"
"ZYN-unmix3mg","Bundle","Nicotine Pouches, USA","ZYN Unflavored Mixpack 3MG","ZYN Unflavored Mixpack 3MG","ZYN","Swedish Match","Swedish Match USA","All White Portion","All White Portion","White Pouches","15","","6.0","0.40","","0.21","Mixed","Flavor Free,Mint","No","Yes","No","Tobacco Leaf Nicotine","7.5","3.0","","","","","","","","<h2>Discover ZYN Unflavored Mixpack 3MG</h2><p>Get a range of ZYN Unflavored 3mg pouches with our mixpack of 2 ZYN cans. These pouches provide an alternative to traditional oral tobacco products. Each can contains 15 all-white pouches.</p><h3>This mixpack contains:</h3><ul><li>1x ZYN Smooth 3mg</li><li>1x ZYN Chill 3mg</li></ul><p><strong>How to Use:</strong> Break the seal and open the lid. Place one ZYN pouch under your lip and leave it in place for up to an hour. After use, remove and dispose of the pouch properly in the trash.</p><h3>About ZYN</h3><p><a href=""https://www.northerner.com/us/zyn"">ZYN</a> is one of the leading nicotine pouch brands in the US. Manufactured by Swedish Match, they provide high-quality, smokeless products free from tobacco leaf. The ZYN lineup includes 10 flavors, each offered in two strengths with either 3mg or 6mg of nicotine per pouch.</p>","","3MG","","Pack","","No","Yes","","","Northerner US,Nicokick US","1","3.0 mg/pouch","https://files.plytix.com/api/v1.1/file/public_files/pim/assets/a9/d9/19/63/6319d9a9f060d100017561d5/images/69/91/df/69/69df9169b13b19ad41a2badc/ZYN-unmix3mg-01.png?s=1200x","https://files.plytix.com/api/v1.1/file/public_files/pim/assets/a9/d9/19/63/6319d9a9f060d100017561d5/images/69/91/df/69/69df9169b13b19ad41a2badc/ZYN-unmix3mg-01.png?s=1200x","https://files.plytix.com/api/v1.1/file/public_files/pim/assets/a9/d9/19/63/6319d9a9f060d100017561d5/images/69/91/df/69/69df9169b13b19ad41a2badc/ZYN-unmix3mg-01.png?s=1200x","","","","","SMN-914510#1, SMN-920510#1","Dynamic","ZYN Unflavored Mixpack 3MG"
"ZYN-unmix6mg","Bundle","Nicotine Pouches, USA","ZYN Unflavored Mixpack 6MG","ZYN Unflavored Mixpack 6MG","ZYN","Swedish Match","Swedish Match USA","All White Portion","All White Portion","White Pouches","15","","6.0","0.40","","0.21","Mixed","Flavor Free,Mint","No","Yes","No","Tobacco Leaf Nicotine","15.0","6.0","","","","","","","","<h2>Discover ZYN Unflavored Mixpack 6MG</h2><p>Get a range of ZYN Unflavored 6mg pouches with our mixpack of 2 ZYN cans. These pouches provide an alternative to traditional oral tobacco products. Each can contains 15 all-white pouches.</p><h3>This mixpack contains:</h3><ul><li>1x ZYN Smooth 6mg</li><li>1x ZYN Chill 6mg</li></ul><p><strong>How to Use:</strong> Break the seal and open the lid. Place one ZYN pouch under your lip and leave it in place for up to an hour. After use, remove and dispose of the pouch properly in the trash.</p><h3>About ZYN</h3><p><a href=""https://www.northerner.com/us/zyn"">ZYN</a> is one of the leading nicotine pouch brands in the US. Manufactured by Swedish Match, they provide high-quality, smokeless products free from tobacco leaf. The ZYN lineup includes 10 flavors, each offered in two strengths with either 3mg or 6mg of nicotine per pouch.</p>","","6MG","","Pack","","No","Yes","","","Northerner US,Nicokick US","2","6.0 mg/pouch","https://files.plytix.com/api/v1.1/file/public_files/pim/assets/a9/d9/19/63/6319d9a9f060d100017561d5/images/87/91/df/69/69df918775818b4960464b43/ZYN-unmix6mg-01.png?s=1200x","https://files.plytix.com/api/v1.1/file/public_files/pim/assets/a9/d9/19/63/6319d9a9f060d100017561d5/images/87/91/df/69/69df918775818b4960464b43/ZYN-unmix6mg-01.png?s=1200x","https://files.plytix.com/api/v1.1/file/public_files/pim/assets/a9/d9/19/63/6319d9a9f060d100017561d5/images/87/91/df/69/69df918775818b4960464b43/ZYN-unmix6mg-01.png?s=1200x","","","","","SMN-914520#1, SMN-920520#1","Dynamic","ZYN Unflavored Mixpack 6MG"
"sesh-mixpack6mg","Bundle","Nicotine Pouches, Synthetic","Sesh+ 6mg Mixpack","Sesh+ 6mg Mixpack","SESH","Sesh Products US Inc.","Sesh Products US Inc.","All White Portion","All White Portion","Slim","20","","11.3","0.57","","0.4","Mixed","Mint,Wintergreen,Mango,Coffee,Flavor Free","No","Yes","No","Synthetic Nicotine","10.6","6.0","","","","","","","Sample the entire Sesh+ range of 5 flavors (including 1 unflavored) in a 6mg strength.","<h2>Discover the Sesh 6mg Mixpack</h2><p>Try every flavor that Sesh+ nicotine pouches have to offer, including 1 unflavored variety in this Regular strength (6mg) mixpack.</p><p>Sesh+ nicotine pouches feature a soft, slim design and unique gum-based formulation that's lightly chewable.</p><p>With 20 pouches per can, this mixpack gives you the variety of 5 flavors at your fingertips and 100 pouches worth of value.</p><h3>This mixpack contains:</h3><ul><li>1 x Sesh+ Mango 6mg</li><li>1 x Sesh+ Mint 6mg</li><li>1 x Sesh+ Wintergreen 6mg</li><li>1 x Sesh+ Cappuccino 6mg</li><li>1 x Sesh+ Clear 6mg</li></ul><h2>About Sesh</h2><p>Crafted in Sweden but made for the American consumer, <a href=""https://www.northerner.com/us/sesh"">Sesh+</a> is an independent producer of premium tobacco-free alternatives for adults. Their nicotine pouches stand out for their taste, texture, and tech—now available in 5 flavors and 3 strengths.</p>","","Normal","","Pack","","No","Yes","","","Northerner US,Nicokick US","2","6.0 mg/pouch","https://files.plytix.com/api/v1.1/file/public_files/pim/assets/a9/d9/19/63/6319d9a9f060d100017561d5/images/bc/4e/df/69/69df4ebc41a6542844f23f69/Sesh-6mg-Mixpack-01.png?s=1200x","https://files.plytix.com/api/v1.1/file/public_files/pim/assets/a9/d9/19/63/6319d9a9f060d100017561d5/images/bc/4e/df/69/69df4ebc41a6542844f23f69/Sesh-6mg-Mixpack-01.png?s=1200x","https://files.plytix.com/api/v1.1/file/public_files/pim/assets/a9/d9/19/63/6319d9a9f060d100017561d5/images/bc/4e/df/69/69df4ebc41a6542844f23f69/Sesh-6mg-Mixpack-01.png?s=1200x","","","","","SPM-10006#1, SPW-10006#1, SPG-10006#1, SPN-10006#1, SPC-20006#1","Dynamic","Sesh+ 6mg Mixpack"
"sesh-mixpack8mg","Bundle","Nicotine Pouches, Synthetic","Sesh+ 8mg Mixpack","Sesh+ 8mg Mixpack","SESH","Sesh Products US Inc.","Sesh Products US Inc.","All White Portion","All White Portion","Slim","20","","11.3","0.57","","0.4","Mixed","Mint,Wintergreen,Mango,Coffee,Flavor Free","No","Yes","No","Synthetic Nicotine","14.2","8.0","","","","","","","Sample the entire Sesh+ range of 5 flavors (including 1 unflavored) in an 8mg strength.","<h2>Discover the Sesh 8mg Mixpack</h2><p>Try every flavor that Sesh+ nicotine pouches have to offer, including 1 unflavored variety in this Strong (8mg) mixpack.</p><p>Sesh+ nicotine pouches feature a soft, slim design and unique gum-based formulation that's lightly chewable.</p><p>With 20 pouches per can, this mixpack gives you the variety of 5 flavors at your fingertips and 100 pouches worth of value.</p><h3>This mixpack contains:</h3><ul><li><ul><li>1 x Sesh+ Mango 8mg</li><li>1 x Sesh+ Mint 8mg</li><li>1 x Sesh+ Wintergreen 8mg</li><li>1 x Sesh+ Cappuccino 8mg</li><li>1 x Sesh+ Clear 8mg</li></ul></li></ul><h2>About Sesh</h2><p>Crafted in Sweden but made for the American consumer, <a href=""https://www.northerner.com/us/sesh"">Sesh+</a> is an independent producer of premium tobacco-free alternatives for adults. Their nicotine pouches stand out for their taste, texture, and tech—now available in 5 flavors and 3 strengths.</p>","","Strong","","Pack","","No","Yes","","","Northerner US,Nicokick US","3","8.0 mg/pouch","https://files.plytix.com/api/v1.1/file/public_files/pim/assets/a9/d9/19/63/6319d9a9f060d100017561d5/images/d8/4e/df/69/69df4ed848bb4e4f1303086c/Sesh-8mg-Mixpack-01.png?s=1200x","https://files.plytix.com/api/v1.1/file/public_files/pim/assets/a9/d9/19/63/6319d9a9f060d100017561d5/images/d8/4e/df/69/69df4ed848bb4e4f1303086c/Sesh-8mg-Mixpack-01.png?s=1200x","https://files.plytix.com/api/v1.1/file/public_files/pim/assets/a9/d9/19/63/6319d9a9f060d100017561d5/images/d8/4e/df/69/69df4ed848bb4e4f1303086c/Sesh-8mg-Mixpack-01.png?s=1200x","","","","","SPM-10008#1, SPW-10008#1, SPG-10008#1, SPN-10008#1, SPC-20008#1","Dynamic","Sesh+ 8mg Mixpack"
"onplusmix-6mg","Bundle","Nicotine Pouches, USA","On! Plus 6mg Duo","On! Plus 6mg Mixpack Duo","on!","Helix Innovations LLC","Altria Group","All White Portion","All White Portion","","14","","10.0","0.71","","0.353","Mixed","Wintergreen,Tobacco,Mint","No","Yes","No","Tobacco Leaf Nicotine","8.4","6.0","","","","","","","Sample the on! PLUS™ range in a 6mg strength and feel the difference of their ultra-soft NICOSILK™ design with a pair of Wintergreen and Mint Flavor nicotine pouches.","<h2>Discover the on! PLUS™ 6mg Duo Mixpack</h2><p>Now you can enjoy the variety and convenience of 2 on! PLUS™ flavors in a Regular strength mixpack.</p><p>Each pouch contains 6mg of tobacco leaf-free nicotine and has a seamless design made from NICOSILK™ mesh for enhanced moisture and comfort.</p><p><strong>How to use:</strong> Pop open a can and grab a fresh on! PLUS™ pouch. Give the pouch a stretch to your desired size and park it between your upper lip and gum, then leave the pouch in place for 20-30 minutes as nicotine releases. You can store your used pouch in the can’s waste compartment when you’re done, or throw it directly in the trash. Remember to take regular breaks between pouches.</p><h3>What’s in an on! PLUS™ 6mg Mixpack?</h3><p>Every on! PLUS™ mixpack contains:</p><ul><li>1 can of Wintergreen 6mg</li><li>1 can of Mint 6mg</li></ul><p>That’s two cans in total with 14 large, slim pouches inside each can.</p><h2>About on! PLUS™</h2><p><a href=""https://www.northerner.com/us/on"">on!® nicotine pouches</a> are a popular smoke-free alternative for adult nicotine consumers in the US. They’re available in various flavored and unflavored varieties, 5 tobacco leaf-free strengths, and 2 pouch formats. on! PLUS™ pouches are their latest innovation to launch in 2026. Featuring a first-of-its-kind proprietary NICOSILK™ material that’s seriously soft and high-stretch, these nicotine pouches are setting new standards for user enjoyment.</p>","","Normal","","Pack","","No","Yes","","","Northerner US,Nicokick US","2","6.0 mg/pouch","https://files.plytix.com/api/v1.1/file/public_files/pim/assets/a9/d9/19/63/6319d9a9f060d100017561d5/images/a0/6d/df/69/69df6da09c4cdacfd62040e7/on%21Plus-6MG-MixedPack-01.png?s=1200x","https://files.plytix.com/api/v1.1/file/public_files/pim/assets/a9/d9/19/63/6319d9a9f060d100017561d5/images/a0/6d/df/69/69df6da09c4cdacfd62040e7/on%21Plus-6MG-MixedPack-01.png?s=1200x","https://files.plytix.com/api/v1.1/file/public_files/pim/assets/a9/d9/19/63/6319d9a9f060d100017561d5/images/a0/6d/df/69/69df6da09c4cdacfd62040e7/on%21Plus-6MG-MixedPack-01.png?s=1200x","","","No","No","ICC-0101#1, ICC-0110#1, ICC-0131#1","Dynamic","On! Plus 6mg Mixpack Duo"
"onplusmix-9mg","Bundle","Nicotine Pouches, USA","On! Plus 9mg Duo","On! Plus 9mg Mixpack Duo","on!","Helix Innovations LLC","Altria Group","All White Portion","All White Portion","","14","","10.0","0.71","","0.353","Mixed","Wintergreen,Tobacco,Mint","No","Yes","No","Tobacco Leaf Nicotine","12.6","9.0","","","","","","","Sample the on! PLUS™ range in a 9mg strength and feel the difference of their ultra-soft NICOSILK™ design with a pair of Wintergreen and Mint Flavor nicotine pouches.","<h2>Discover the on! PLUS™ 9mg Mixpack Duo</h2><p>Now you can enjoy the variety and convenience of two on! PLUS™ flavors in a Strong mixpack.</p><p>Each pouch contains 9mg of tobacco leaf-free nicotine and has a seamless design made from NICOSILK™ mesh for enhanced moisture and comfort.</p><p><strong>How to use:</strong> Pop open a can and grab a fresh on! PLUS™ pouch. Give the pouch a stretch to your desired size and park it between your upper lip and gum, then leave the pouch in place for 20-30 minutes as nicotine releases. You can store your used pouch in the can’s waste compartment when you’re done, or throw it directly in the trash. Remember to take regular breaks between pouches.</p><h3>What’s in an on! PLUS™ 9mg Mixpack?</h3><p>Every on! PLUS™ mixpack contains:</p><ul><li>1 can of Wintergreen 9mg</li><li>1 can of Mint 9mg</li></ul><p>That’s two cans in total with 14 large, slim pouches inside each can.</p><h2>About on! PLUS™</h2><p><a href=""https://www.northerner.com/us/on"">on!® nicotine pouches</a> are a popular smoke-free alternative for adult nicotine consumers in the US. They’re available in various flavored and unflavored varieties, 5 tobacco leaf-free strengths, and 2 pouch formats. on! PLUS™ pouches are their latest innovation to launch in 2026. Featuring a first-of-its-kind proprietary NICOSILK™ material that’s seriously soft and high-stretch, these nicotine pouches are setting new standards for user enjoyment.</p>","","Strong","","Pack","","No","Yes","","","Northerner US,Nicokick US","3","9.0 mg/pouch","https://files.plytix.com/api/v1.1/file/public_files/pim/assets/a9/d9/19/63/6319d9a9f060d100017561d5/images/63/6d/df/69/69df6d63edb4f0a888b2420e/on%21Plus-9MG-MixedPack-01.png?s=1200x","https://files.plytix.com/api/v1.1/file/public_files/pim/assets/a9/d9/19/63/6319d9a9f060d100017561d5/images/63/6d/df/69/69df6d63edb4f0a888b2420e/on%21Plus-9MG-MixedPack-01.png?s=1200x","https://files.plytix.com/api/v1.1/file/public_files/pim/assets/a9/d9/19/63/6319d9a9f060d100017561d5/images/63/6d/df/69/69df6d63edb4f0a888b2420e/on%21Plus-9MG-MixedPack-01.png?s=1200x","","","No","No","ICC-0102#1, ICC-0111#1, ICC-0132#1","Dynamic","On! Plus 9mg Mixpack Duo"
"perfect-match-duo","Bundle","Nicotine Pouches, Synthetic","Perfect Match","Perfect Match Multipack","Mixed","","","All White Portion","All White Portion","Slim","20","","","","","","Wintergreen","Wintergreen","No","Yes","No","Synthetic Nicotine","","6.0","","","","","","","","Buy Perfect Match at Northerner ? Low prices ? High-Quality Nicotine Products ? Express Delivery Across the US","","Normal","","Pack","","No","Yes","","","Northerner US,Nicokick US","2","6.0 mg/pouch","https://files.plytix.com/api/v1.1/file/public_files/pim/assets/a9/d9/19/63/6319d9a9f060d100017561d5/images/49/73/ba/69/69ba734903a8458e3a9aa21a/Perfect-Match-Mixpack.png?s=1200x","https://files.plytix.com/api/v1.1/file/public_files/pim/assets/a9/d9/19/63/6319d9a9f060d100017561d5/images/49/73/ba/69/69ba734903a8458e3a9aa21a/Perfect-Match-Mixpack.png?s=1200x","https://files.plytix.com/api/v1.1/file/public_files/pim/assets/a9/d9/19/63/6319d9a9f060d100017561d5/images/49/73/ba/69/69ba734903a8458e3a9aa21a/Perfect-Match-Mixpack.png?s=1200x","","","","","FRE-60868#1, Z-P1017B#1","Dynamic","Perfect Match Multipack"
"pouch-chill-duo","Bundle","Nicotine Pouches, Synthetic","Pouch & Chill","Pouch & Chill Multipack","Mixed","","","All White Portion","All White Portion","Slim","20","","","","","","Mixed","Citrus,Mint","No","Yes","No","Tobacco Leaf Nicotine,Synthetic Nicotine","","6.0","","","","","","","","","","Normal","","Pack","","No","Yes","","","Northerner US","2","6.0 mg/pouch","https://files.plytix.com/api/v1.1/file/public_files/pim/assets/a9/d9/19/63/6319d9a9f060d100017561d5/images/25/59/df/69/69df5925edb4f0a888b23dc7/pouch-n-chill-840.png?s=1200x","https://files.plytix.com/api/v1.1/file/public_files/pim/assets/a9/d9/19/63/6319d9a9f060d100017561d5/images/25/59/df/69/69df5925edb4f0a888b23dc7/pouch-n-chill-840.png?s=1200x","https://files.plytix.com/api/v1.1/file/public_files/pim/assets/a9/d9/19/63/6319d9a9f060d100017561d5/images/25/59/df/69/69df5925edb4f0a888b23dc7/pouch-n-chill-840.png?s=1200x","","","","","RGH-R133#1, KSD-294231#1","Dynamic","Pouch & Chill Multipack"
"RGH-mixpack6mg","Bundle","Nicotine Pouches, USA","Rogue 6MG Mixed Pack","Rogue 6MG Mixed Pack","Rogue","NicoGen Pharma Solutions","Rogue Holdings","All White Portion","All White Portion","Slim","20","","13.5","0.68","","0.48","Mixed","Wintergreen,Peppermint,Mango,Green Apple,Cinnamon","No","Yes","No","Tobacco Leaf Nicotine","","6.0","","","","","","","Try some of the most popular Rogue 6mg pouches.","<h2>Introducing the Rogue 6mg Pouches Mix Pack</h2><p>The All-American Rogue 6mg nicotine pouches -offering a tobacco leaf-free alternative to traditional oral tobacco products. Try our mixpack of the best selling nicotine pouches from Rogue!</p><h3>Rogue 6mg Mix Pack Contents</h3><ul><li>Rogue Peppermint 6mg</li><li>Rogue Wintergreen 6mg</li><li>Rogue Mango 6mg</li><li>Rogue Cinnamon 6mg</li><li>Rogue Apple 6mg</li></ul><h3>Rogue 6mg Mix Pack Facts</h3><ul><li><strong>Flavors:</strong> Peppermint, Wintergreen, Mango, Cinnamon, Apple</li><li><strong>Nicotine Strength:</strong> 6mg/pouch</li><li><strong>Number of Rogue Pouches per Can:</strong> 20</li><li><strong>Pouch Size:</strong> Slim</li><li><strong>Pouch Style:</strong> Dry nicotine pouches</li><li><strong>Manufacturer:</strong> NicoGen Pharma Solutions</li></ul><h2>How to Use Rogue 6mg Nicotine Pouches</h2><p>Using any Rogue 6mg nicotine pouches is simple, just follow these 4 steps to get started:</p><ol><li>Put one of the Rogue pouches into your mouth</li><li>Park it under your upper or lower lip (typically, people prefer parking it under the upper lip between the lip and gum)</li><li>Leave it for up to 60 mins</li><li>Remove the pouch and dispose of it in the trash</li></ol><h2>About Rogue Nicotine</h2><p>Rogue is a US-based brand that provides a <a href=""https://www.northerner.com/us/rogue"">selection of nicotine pouches</a> that are 100% tobacco leaf-free. <a href=""https://www.northerner.com/us/rogue"">Rogue pouches</a> come in a range of 10 different Rogue flavors, including wintergreen and mango, as well as 2 different nicotine strength options. However, Rogue also offers a range of other nicotine products including Rogue gums, Rogue lozenges and tablets. You can shop the full Rogue nicotine range on Northerner for good prices and fast delivery from our warehouses across the U.S. Buy Rogue Pouches online and get your pouches delivered to your home!</p>","","Normal","","Pack","","No","Yes","","","Northerner US,Nicokick US","2","6.0 mg/pouch","https://files.plytix.com/api/v1.1/file/public_files/pim/assets/a9/d9/19/63/6319d9a9f060d100017561d5/images/7c/75/ba/69/69ba757cac39ddbc02bed1f7/Rogue-Mixpack#2-01.png?s=1200x","https://files.plytix.com/api/v1.1/file/public_files/pim/assets/a9/d9/19/63/6319d9a9f060d100017561d5/images/7c/75/ba/69/69ba757cac39ddbc02bed1f7/Rogue-Mixpack#2-01.png?s=1200x","https://files.plytix.com/api/v1.1/file/public_files/pim/assets/a9/d9/19/63/6319d9a9f060d100017561d5/images/7c/75/ba/69/69ba757cac39ddbc02bed1f7/Rogue-Mixpack#2-01.png?s=1200x","","","","","RGH-R125#1, RGH-R123#1, RGH-R143#1, RGH-R137#1, RGH-R131#1","Dynamic","Rogue 6MG Mixed Pack"
"Z-newmix6mg","Bundle","Nicotine Pouches, Synthetic","Zone New 6mg Mixpack","Zone New 6mg Mixpack","ZONE","TJP Labs Inc.","ITG Brands","All White Portion","All White Portion","Slim","20","","8.0","0.40","","0.28","Mixed","Wintergreen,Spearmint,Peppermint,Mint,Dragon Fruit","No","Yes","No","Synthetic Nicotine","15.0","6.0","","","","","","Canada","<p>Experience the zone 6mg mixpack, featuring 5 popular zone flavors.</p>","<h2>Discover zone 6mg Mixpack</h2><p>Experience a handpicked assortment of nicotine pouches with the zone 6mg Mixpack. Created for those who enjoy variety, this mixpack combines classic mint options with a touch of fruit to suit your individual taste.</p><p>Each pouch is made with a nicotine strength of 6mg and comes in cans containing 20 premium pouches—more than the leading brand.</p><h2>What’s Included in the Mixpack?</h2><ul><li><strong>1x</strong> zone Mint 6mg</li><li><strong>1x</strong> zone Wintergreen 6mg</li><li><strong>1x</strong> zone Dragonfruit 6mg</li><li><strong>1x</strong> zone Spearmint 6mg</li><li><strong>1x</strong> zone Peppermint 6mg</li></ul>","","Normal","","Pack","5","No","Yes","","","Northerner US,Nicokick US","2","6.0 mg/pouch","https://files.plytix.com/api/v1.1/file/public_files/pim/assets/a9/d9/19/63/6319d9a9f060d100017561d5/images/9a/20/c5/69/69c5209a1f30a626b18328da/newzonemix6mg_1200px.jpg?s=1200x","https://files.plytix.com/api/v1.1/file/public_files/pim/assets/a9/d9/19/63/6319d9a9f060d100017561d5/images/9a/20/c5/69/69c5209a1f30a626b18328da/newzonemix6mg_1200px.jpg?s=1200x","https://files.plytix.com/api/v1.1/file/public_files/pim/assets/a9/d9/19/63/6319d9a9f060d100017561d5/images/9a/20/c5/69/69c5209a1f30a626b18328da/newzonemix6mg_1200px.jpg?s=1200x","","Zone Mint 6mg Mixpack","No","No","Z-P1017B#1, Z-P1018B#1, Z-P1019B#1, Z-P1020B#1, Z-P1022B#1","Dynamic","Zone New 6mg Mixpack"
"Z-newmix9mg","Bundle","Nicotine Pouches, Synthetic","Zone New 9mg Mixpack","Zone New 9mg Mixpack","ZONE","TJP Labs Inc.","ITG Brands","All White Portion","All White Portion","Slim","20","","8.0","0.40","","0.28","Mixed","Wintergreen,Spearmint,Peppermint,Mint,Dragon Fruit","No","Yes","No","Synthetic Nicotine","23.0","9.0","","","","","","Canada","<p>Experience the zone 9mg mixpack, featuring 5 popular zone flavors.</p>","<h2>Discover zone 9mg Mixpack</h2><p>Experience a carefully selected assortment of nicotine pouches with the zone 9mg Mixpack. Perfect for those who appreciate variety, this mixpack combines mint flavors with a hint of fruit to suit your personal preferences.</p><p>Each pouch has a nicotine strength of 9mg and comes in cans containing 20 premium pouches—more than the leading brand and delivering a stronger option compared to the <a href=""https://www.northerner.com/us/zone-new-6mg-mixpack"">zone 6mg mixpack</a>.</p><h2></p><p>What’s Included in the Mixpack?</h2><ul><li><strong>1x</strong> zone Mint 9mg</li><li><strong>1x</strong> zone Wintergreen 9mg</li><li><strong>1x</strong> zone Dragonfruit 9mg</li><li><strong>1x</strong> zone Spearmint 9mg</li><li><strong>1x</strong> zone Peppermint 9mg</li></ul>","","Strong","","Pack","5","No","Yes","","","Northerner US,Nicokick US","3","9.0 mg/pouch","https://files.plytix.com/api/v1.1/file/public_files/pim/assets/a9/d9/19/63/6319d9a9f060d100017561d5/images/db/20/c5/69/69c520db850059fb40c2fbe5/zone_new_9mg_mixpack_1200px.jpg?s=1200x","https://files.plytix.com/api/v1.1/file/public_files/pim/assets/a9/d9/19/63/6319d9a9f060d100017561d5/images/db/20/c5/69/69c520db850059fb40c2fbe5/zone_new_9mg_mixpack_1200px.jpg?s=1200x","https://files.plytix.com/api/v1.1/file/public_files/pim/assets/a9/d9/19/63/6319d9a9f060d100017561d5/images/db/20/c5/69/69c520db850059fb40c2fbe5/zone_new_9mg_mixpack_1200px.jpg?s=1200x","","","No","No","Z-P1024B#1, Z-P1025B#1, Z-P1026B#1, Z-P1027B#1, Z-P1029B#1","Dynamic","Zone New 9mg Mixpack"
"Zyn-3mg-mixpack","Bundle","Nicotine Pouches, USA","Zyn 3mg Mixpack","Zyn 3mg Mixpack, 5-pack","ZYN","Swedish Match","Swedish Match USA","All White Portion","All White Portion","White Pouches","15","","6.0","0.40","","0.21","Mixed","Peppermint,Spearmint,Mint,Cinnamon,Wintergreen","No","Yes","No","Tobacco Leaf Nicotine","7.5","3.0","","","","","","","Try a range of popular ZYN 3mg flavors!","<p><strong>We are experiencing a supply shortage for ZYN, we have temporarily limited orders to 10 cans per 30 days.</strong></p><h2>About ZYN 3mg Mixpack</h2><p>Not sure which of the <a href=""https://www.northerner.com/us/the-northerner/review/best-zyn-flavors"">ZYN flavors</a> to try? Check out Northerner’s ZYN 3mg Mixpack! This mixpack contains:</p><ul><li>ZYN Peppermint 3mg (these ZYN pouches have a classic mint flavor blend)</li><li>ZYN Wintergreen 3mg (these ZYN pouches have a wintery mint flavor with a hint of sweetness)</li><li>ZYN Spearmint 3mg (these ZYN pouches have a slightly sweeter mint flavor)</li><li>ZYN Cool Mint 3mg (these ZYN pouches give an icy burst of mint flavor)</li><li>ZYN Cinnamon 3mg (these ZYN pouches give a sweet burst of cinnamon)</li></ul><h3>ZYN 3mg Mixpack Facts</h3><ul><li><strong>Number of ZYN cans per mixpack:</strong> 5</li><li><strong>Nicotine Strength:</strong> 3mg/pouch</li><li><strong>Number of ZYN in a can:</strong> 15 pouches per can</li><li><strong>Pouch Size:</strong> Slim</li><li><strong>Pouch Feel:</strong> Dry</li><li><strong>Manufacturer:</strong> Swedish Match</li></ul><h2>How to Use ZYN 3mg Pouches</h2><p>To get started with ZYN 3mg nicotine pouches, you just need to follow 4 steps:</p><ol><li>Put the pouch into your mouth</li><li>Park it under your upper or lower lip, between the lip and gum</li><li>Leave it in place for around 60 minutes</li><li>Take out your pouch and throw it in the trash</li></ol><h2>Buy ZYN Mixpacks</h2><p>You can buy nicotine pouches, such as ZYN Mixpacks and <a href=""https://www.northerner.com/us/zyn/3mg"">ZYN 3mg pouches</a> online on Northerner. Northerner is the leading online smokeless tobacco retailer, with over 25 years of expertise and a proven selection of popular products. Order today for fast shipping across the US!</p><h3>About ZYN</h3><p><a href=""https://www.northerner.com/us/zyn"">ZYN</a> is one of the most popular tobacco free nicotine pouch brands in the US, with 1 in every 5 cans sold being ZYNs. ZYN is a Swedish brand with a focus on creating high-quality, tobacco-leaf free products. The range of all ZYN products features 10 flavors, each coming in 2 different nicotine strengths (3mg and 6mg per pouch).</p>","","3MG","","Pack","","No","Yes","","","Northerner US,Nicokick US","1","3.0 mg/pouch","https://files.plytix.com/api/v1.1/file/public_files/pim/assets/a9/d9/19/63/6319d9a9f060d100017561d5/images/0d/90/df/69/69df900da0d3445a276c61ea/Zyn-3mg-mixpack-01.png?s=1200x","https://files.plytix.com/api/v1.1/file/public_files/pim/assets/a9/d9/19/63/6319d9a9f060d100017561d5/images/0d/90/df/69/69df900da0d3445a276c61ea/Zyn-3mg-mixpack-01.png?s=1200x","https://files.plytix.com/api/v1.1/file/public_files/pim/assets/a9/d9/19/63/6319d9a9f060d100017561d5/images/0d/90/df/69/69df900da0d3445a276c61ea/Zyn-3mg-mixpack-01.png?s=1200x","","","","","SMN-901510#1, SMN-902510#1, SMN-900510#1, SMN-906510#1, SMN-903510#1","Dynamic","Zyn 3mg Mixpack, 5-pack"
"Zyn-6mg-mixpack","Bundle","Nicotine Pouches, USA","Zyn 6mg Mixpack","Zyn 6mg Mixpack, 5-pack","ZYN","Swedish Match","Swedish Match USA","All White Portion","All White Portion","White Pouches","15","","6.0","0.40","","0.21","Mixed","Wintergreen,Mint,Lemon,Lime,Flavor Free,Spearmint","No","Yes","No","Tobacco Leaf Nicotine","15.0","6.0","","","","","","","Try a range of popular ZYN 6mg flavors!","<p><strong>We are experiencing a supply shortage for ZYN, we have temporarily limited orders to 10 cans per 30 days.</strong></p><h2>About ZYN 6mg Mixpack</h2><p>Not sure which of the <a href=""https://www.northerner.com/us/the-northerner/review/best-zyn-flavors"">ZYN flavors</a> to try? Check out Northerner’s ZYN 6mg Mixpack! This mixpack contains:</p><ul><li>ZYN Citrus 6mg (these ZYN pouches have a tart blend of lemon and lime flavors with a hint of sweetness)</li><li>ZYN Wintergreen 6mg (these ZYN pouches have a wintery mint flavor with a hint of sweetness)</li><li>ZYN Spearmint 6mg (these ZYN pouches have a slightly sweeter mint flavor)</li><li>ZYN Cool Mint 6mg (these ZYN pouches give an icy burst of mint flavor)</li><li>ZYN Smooth 6mg (these ZYN pouches are completely unflavored)</li></ul><h3>ZYN 6mg Mixpack Facts</h3><ul><li><strong>Number of ZYN cans per mixpack:</strong> 5</li><li><strong>Nicotine Strength:</strong> 6mg/pouch</li><li><strong>Number of ZYN in a can:</strong> 15 pouches per can</li><li><strong>Pouch Size:</strong> Slim</li><li><strong>Pouch Feel:</strong> Dry</li><li><strong>Manufacturer:</strong> Swedish Match</li></ul><h2>How to Use ZYN 6mg Nicotine Pouches</h2><p>To get started with ZYN 6mg nicotine pouches, you just need to follow 4 steps:</p><ol><li>Put the pouch into your mouth</li><li>Park it under your upper or lower lip, between the lip and gum</li><li>Leave it in place for around 60 minutes</li><li>Take out your pouch and throw it in the trash</li></ol><h2>Buy ZYN Mixpacks</h2><p>You can buy nicotine pouches, such as ZYN Mixpacks and <a href=""https://www.northerner.com/us/zyn/6mg"">ZYN 6mg pouches</a> online on Northerner. Northerner is the leading online smokeless tobacco retailer, with over 25 years of expertise and a proven selection of popular products. Order today for fast shipping across the US!</p><h3>About ZYN</h3><p><a href=""https://www.northerner.com/us/zyn"">ZYN</a> is one of the most popular tobacco free nicotine pouch brands in the US, with 1 in every 5 cans sold being ZYNs. ZYN is a Swedish brand with a focus on creating high-quality, tobacco-leaf free products. The range of all ZYN products features 10 flavors, each coming in 2 different nicotine strengths (3mg and 6mg per pouch).</p>","","6MG","","Pack","","No","Yes","","","Northerner US,Nicokick US","2","6.0 mg/pouch","https://files.plytix.com/api/v1.1/file/public_files/pim/assets/a9/d9/19/63/6319d9a9f060d100017561d5/images/f0/8f/df/69/69df8ff048bb4e4f13031afb/Zyn-6mg-mixpack-01.png?s=1200x","https://files.plytix.com/api/v1.1/file/public_files/pim/assets/a9/d9/19/63/6319d9a9f060d100017561d5/images/f0/8f/df/69/69df8ff048bb4e4f13031afb/Zyn-6mg-mixpack-01.png?s=1200x","https://files.plytix.com/api/v1.1/file/public_files/pim/assets/a9/d9/19/63/6319d9a9f060d100017561d5/images/f0/8f/df/69/69df8ff048bb4e4f13031afb/Zyn-6mg-mixpack-01.png?s=1200x","","","","","SMN-903520#1, SMN-900520#1, SMN-907520#1, SMN-914520#1, SMN-902520#1","Dynamic","Zyn 6mg Mixpack, 5-pack"
"ZYN-bestmix3mg","Bundle","Nicotine Pouches, USA","ZYN Bestseller Mixpack 3MG","ZYN Bestseller Mixpack 3MG","ZYN","Swedish Match","Swedish Match USA","All White Portion","All White Portion","White Pouches","15","","6.0","0.40","","0.21","Mixed","Wintergreen,Spearmint,Mint","No","Yes","No","Tobacco Leaf Nicotine","7.5","3.0","","","","","","","","<h2>Discover ZYN Bestseller Mixpack 3MG</h2><p>Get a range of the ZYN Bestseller 3mg mixpack including 3 of the most popular pouches from ZYN. These pouches provide an alternative to traditional oral tobacco products. Each can contains 15 all-white pouches.</p><h3>This mixpack contains:</h3><ul><li>1x ZYN Wintergreen 3mg</li><li>1x ZYN Spearmint 3mg</li><li>1x ZYN Cool Mint 3mg</li></ul><p><strong>How to Use:</strong> Break the seal and open the lid. Place one ZYN pouch under your lip and leave it in place for up to an hour. After use, remove and dispose of the pouch properly in the trash.</p><h3>About ZYN</h3><p><a href=""https://www.northerner.com/us/zyn"">ZYN</a> is one of the leading nicotine pouch brands in the US. Manufactured by Swedish Match, they provide high-quality, smokeless products free from tobacco leaf. The ZYN lineup includes 10 flavors, each offered in two strengths with either 3mg or 6mg of nicotine per pouch.</p>","","3MG","","Pack","","No","Yes","","","Northerner US,Nicokick US","1","3.0 mg/pouch","https://files.plytix.com/api/v1.1/file/public_files/pim/assets/a9/d9/19/63/6319d9a9f060d100017561d5/images/2e/8e/df/69/69df8e2ea0d3445a276c6155/ZYN-bestmix3mg-01.png?s=1200x","https://files.plytix.com/api/v1.1/file/public_files/pim/assets/a9/d9/19/63/6319d9a9f060d100017561d5/images/2e/8e/df/69/69df8e2ea0d3445a276c6155/ZYN-bestmix3mg-01.png?s=1200x","https://files.plytix.com/api/v1.1/file/public_files/pim/assets/a9/d9/19/63/6319d9a9f060d100017561d5/images/2e/8e/df/69/69df8e2ea0d3445a276c6155/ZYN-bestmix3mg-01.png?s=1200x","","","","","SMN-903510#1, SMN-902510#1, SMN-900510#1","Dynamic","ZYN Bestseller Mixpack 3MG"
"ZYN-bestmix6mg","Bundle","Nicotine Pouches, USA","ZYN Bestseller Mixpack 6MG","ZYN Bestseller Mixpack 6MG","ZYN","Swedish Match","Swedish Match USA","All White Portion","All White Portion","White Pouches","15","","6.0","0.40","","0.21","Mixed","Wintergreen,Spearmint,Mint","No","Yes","No","Tobacco Leaf Nicotine","15.0","6.0","","","","","","","","<h2>Discover ZYN Bestseller Mixpack 6MG</h2><p>Get a range of the ZYN Bestseller 6mg mixpack including 3 of the most popular pouches from ZYN. These pouches provide an alternative to traditional oral tobacco products. Each can contains 15 all-white pouches.</p><h3>This mixpack contains:</h3><ul><li>1x ZYN Wintergreen 6mg</li><li>1x ZYN Spearmint 6mg</li><li>1x ZYN Cool Mint 6mg</li></ul><p><strong>How to Use:</strong> Break the seal and open the lid. Place one ZYN pouch under your lip and leave it in place for up to an hour. After use, remove and dispose of the pouch properly in the trash.</p><h3>About ZYN</h3><p><a href=""https://www.northerner.com/us/zyn"">ZYN</a> is one of the leading nicotine pouch brands in the US. Manufactured by Swedish Match, they provide high-quality, smokeless products free from tobacco leaf. The ZYN lineup includes 10 flavors, each offered in two strengths with either 3mg or 6mg of nicotine per pouch.</p>","","6MG","","Pack","","No","Yes","","","Northerner US,Nicokick US","2","6.0 mg/pouch","https://files.plytix.com/api/v1.1/file/public_files/pim/assets/a9/d9/19/63/6319d9a9f060d100017561d5/images/96/8d/df/69/69df8d96a0d3445a276c612e/ZYN-bestmix6mg-01.png?s=1200x","https://files.plytix.com/api/v1.1/file/public_files/pim/assets/a9/d9/19/63/6319d9a9f060d100017561d5/images/96/8d/df/69/69df8d96a0d3445a276c612e/ZYN-bestmix6mg-01.png?s=1200x","https://files.plytix.com/api/v1.1/file/public_files/pim/assets/a9/d9/19/63/6319d9a9f060d100017561d5/images/96/8d/df/69/69df8d96a0d3445a276c612e/ZYN-bestmix6mg-01.png?s=1200x","","","","","SMN-903520#1, SMN-902520#1, SMN-900520#1","Dynamic","ZYN Bestseller Mixpack 6MG"
"ZYN-discpack3mg","Bundle","Nicotine Pouches, USA","ZYN Discovery Pack 3MG","ZYN Discovery Pack 3MG","ZYN","Swedish Match","Swedish Match USA","All White Portion","All White Portion","White Pouches","15","","6.0","0.40","","0.21","Mixed","Wintergreen,Spearmint,Mint,Peppermint,Cinnamon,Coffee,Lemon,Lime,Flavor Free,Menthol","No","Yes","No","Tobacco Leaf Nicotine","7.5","3.0","","","","","","","","<h2>Discover ZYN Discovery Pack 3MG</h2><p>Get a range of all ZYN pouches with our discovery pack of 10 ZYN flavors with 3mg nicotine strength. These pouches provide an alternative to traditional oral tobacco products.</p><h3>This mixpack contains:</h3><ul><li>1x ZYN Wintergreen 3mg</li><li>1x ZYN Spearmint 3mg</li><li>1x ZYN Cool Mint 3mg</li><li>1x ZYN Peppermint 3mg</li><li>1x ZYN Cinnamon 3mg</li><li>1x ZYN Coffee 3mg</li><li>1x ZYN Citrus 3mg</li><li>1x ZYN Smooth 3mg</li><li>1x ZYN Chill 3mg</li><li>1x ZYN Menthol 3mg</li></ul><p><strong>How to Use:</strong> Break the seal and open the lid. Place one ZYN pouch under your lip and leave it in place for up to an hour. After use, remove and dispose of the pouch properly in the trash.</p><h3>About ZYN</h3><p><a href=""https://www.northerner.com/us/zyn"">ZYN</a> is one of the leading nicotine pouch brands in the US. Manufactured by Swedish Match, they provide high-quality, smokeless products free from tobacco leaf. The ZYN lineup includes 10 flavors, each offered in two strengths with either 3mg or 6mg of nicotine per pouch.</p>","","3MG","","Pack","","No","Yes","","","Northerner US,Nicokick US","1","3.0 mg/pouch","https://files.plytix.com/api/v1.1/file/public_files/pim/assets/a9/d9/19/63/6319d9a9f060d100017561d5/images/79/8b/df/69/69df8b799c4cdacfd62047d9/ZYN-discpack3mg-01.png?s=1200x","https://files.plytix.com/api/v1.1/file/public_files/pim/assets/a9/d9/19/63/6319d9a9f060d100017561d5/images/79/8b/df/69/69df8b799c4cdacfd62047d9/ZYN-discpack3mg-01.png?s=1200x","https://files.plytix.com/api/v1.1/file/public_files/pim/assets/a9/d9/19/63/6319d9a9f060d100017561d5/images/79/8b/df/69/69df8b799c4cdacfd62047d9/ZYN-discpack3mg-01.png?s=1200x","","","No","No","SMN-903510#1, SMN-902510#1, SMN-900510#1, SMN-901510#1, SMN-906510#1, SMN-904510#1, SMN-907510#1, SMN-914510#1, SMN-920510#1, SMN-923510#1","Dynamic","ZYN Discovery Pack 3MG"
"ZYN-discpack6mg","Bundle","Nicotine Pouches, USA","ZYN Discovery Pack 6MG","ZYN Discovery Pack 6MG","ZYN","Swedish Match","Swedish Match USA","All White Portion","All White Portion","White Pouches","15","","6.0","0.40","","0.21","Mixed","Wintergreen,Spearmint,Mint,Peppermint,Cinnamon,Coffee,Lemon,Lime,Flavor Free,Menthol","No","Yes","No","Tobacco Leaf Nicotine","15.0","6.0","","","","","","","","<h2>Discover ZYN Discovery Pack 6MG</h2><p>Get a range of all ZYN pouches with our discovery pack of 10 ZYN flavors with 6mg nicotine strength. These pouches provide an alternative to traditional oral tobacco products.</p><h3>This mixpack contains:</h3><ul><li>1x ZYN Wintergreen 6mg</li><li>1x ZYN Spearmint 6mg</li><li>1x ZYN Cool Mint 6mg</li><li>1x ZYN Peppermint 6mg</li><li>1x ZYN Cinnamon 6mg</li><li>1x ZYN Coffee 6mg</li><li>1x ZYN Citrus 6mg</li><li>1x ZYN Smooth 6mg</li><li>1x ZYN Chill 6mg</li><li>1x ZYN Menthol 6mg</li></ul><p><strong>How to Use:</strong> Break the seal and open the lid. Place one ZYN pouch under your lip and leave it in place for up to an hour. After use, remove and dispose of the pouch properly in the trash.</p><h3>About ZYN</h3><p><a href=""https://www.northerner.com/us/zyn"">ZYN</a> is one of the leading nicotine pouch brands in the US. Manufactured by Swedish Match, they provide high-quality, smokeless products free from tobacco leaf. The ZYN lineup includes 10 flavors, each offered in two strengths with either 3mg or 6mg of nicotine per pouch.</p>","","6MG","","Pack","","No","Yes","","","Northerner US,Nicokick US","2","6.0 mg/pouch","https://files.plytix.com/api/v1.1/file/public_files/pim/assets/a9/d9/19/63/6319d9a9f060d100017561d5/images/c3/89/df/69/69df89c3b13b19ad41a2b7f7/ZYN-discpack6mg-01.png?s=1200x","https://files.plytix.com/api/v1.1/file/public_files/pim/assets/a9/d9/19/63/6319d9a9f060d100017561d5/images/c3/89/df/69/69df89c3b13b19ad41a2b7f7/ZYN-discpack6mg-01.png?s=1200x","https://files.plytix.com/api/v1.1/file/public_files/pim/assets/a9/d9/19/63/6319d9a9f060d100017561d5/images/c3/89/df/69/69df89c3b13b19ad41a2b7f7/ZYN-discpack6mg-01.png?s=1200x","","","","","SMN-903520#1, SMN-902520#1, SMN-900520#1, SMN-901520#1, SMN-906520#1, SMN-904520#1, SMN-907520#1, SMN-914520#1, SMN-920520#1, SMN-923520#1","Dynamic","ZYN Discovery Pack 6MG"
"Z-mix6mg4","Bundle","Nicotine Pouches, Synthetic","zone 6mg Flavor Fusion Mixpack","zone 6mg Flavor Fusion Mixpack","ZONE","TJP Labs Inc.","ITG Brands","All White Portion","All White Portion","Slim","20","","8.0","0.40","","0.28","Mixed","Cranberry,Jalapeño,Lime,Dragon Fruit,Orange","No","Yes","No","Synthetic Nicotine","15.0","6.0","","","","","","","This 4-flavor mixpack from zone features 2 classics (Dragonfruit and Citrus) alongside 2 new arrivals (Jalapeño Lime and Cranberry), each in a 6mg strength.","<h2>Discover the Flavor Fusion Mixpack?from zone</h2><p>zone’s fruity nicotine pouches are front and center in this 6mg mixpack.</p><p>21+ adult nicotine consumers will appreciate the variety of 4 flavors at their fingertips—including the new zone Cranberry, exclusive to Northerner—with more pouches per can than the leading brand.</p><p>Experience the ultra-smooth material of zone pouches and an intensity that lasts.</p><h3>This mixpack contains:</h3><ul><li>1 can of Dragonfruit 6mg</li><li>1 can of Citrus 6mg</li><li>1 can of Jalapeño Lime 6mg</li><li>1 can of Cranberry 6mg</p><p></li></ul><h2>About zone</h2><p>Launched in the US in 2024, <a href=""https://www.northerner.com/us/zone"">zone</a> is recognized for their premium all-white nicotine pouches made with 100% synthetic nicotine.?The brand is manufactured by TJP Labs Inc. and offers multiple flavored and unflavored options in either 6mg or 9mg strengths.</p>","","Normal","","Pack","","No","Yes","","","Northerner US,Nicokick US","2","6.0 mg/pouch","https://files.plytix.com/api/v1.1/file/public_files/pim/assets/a9/d9/19/63/6319d9a9f060d100017561d5/images/cd/7a/3a/6a/6a3a7acd9a7c5f73de9485fc/Z-mix6mg4-01.png?s=1200x","https://files.plytix.com/api/v1.1/file/public_files/pim/assets/a9/d9/19/63/6319d9a9f060d100017561d5/images/cd/7a/3a/6a/6a3a7acd9a7c5f73de9485fc/Z-mix6mg4-01.png?s=1200x","https://files.plytix.com/api/v1.1/file/public_files/pim/assets/a9/d9/19/63/6319d9a9f060d100017561d5/images/cd/7a/3a/6a/6a3a7acd9a7c5f73de9485fc/Z-mix6mg4-01.png?s=1200x","","","No","No","Z-P1088B#1, Z-P1080B#1, Z-P1022B#1, Z-P1021B#1","Dynamic","zone 6mg Flavor Fusion Mixpack"
"onplus-5f5W6MG","Bundle","Nicotine Pouches, USA","On! Plus Wintergreen 6mg 5for$5","On! Plus Wintergreen 6mg 5for$5","on!","Helix Innovations LLC","Altria Group","All White Portion","All White Portion","","14","","10.0","0.71","","0.353","Wintergreen","Wintergreen","No","Yes","No","Tobacco Leaf Nicotine","8.4","6.0","","","","","","","<p>Only one mixpack per cart. Cool and minty wintergreen flavored nicotine pouches with 6mg of tobacco leaf-free nicotine in every pouch.</p>","","","Normal","","Pack","","No","Yes","","","Northerner US,Nicokick US","2","6.0 mg/pouch","https://files.plytix.com/api/v1.1/file/public_files/pim/assets/a9/d9/19/63/6319d9a9f060d100017561d5/images/45/56/3a/6a/6a3a5645820a83bd62962cee/onplus-5f5M6MG-01.png?s=1200x","https://files.plytix.com/api/v1.1/file/public_files/pim/assets/a9/d9/19/63/6319d9a9f060d100017561d5/images/45/56/3a/6a/6a3a5645820a83bd62962cee/onplus-5f5M6MG-01.png?s=1200x","https://files.plytix.com/api/v1.1/file/public_files/pim/assets/a9/d9/19/63/6319d9a9f060d100017561d5/images/45/56/3a/6a/6a3a5645820a83bd62962cee/onplus-5f5M6MG-01.png?s=1200x","","","No","No","ICC-0101#5","Dynamic","On! Plus Wintergreen 6mg 5for$5"
"onplus-5f5W9MG","Bundle","Nicotine Pouches, USA","On! Plus Wintergreen 9mg 5for$5","On! Plus Wintergreen 9mg 5for$5","on!","Helix Innovations LLC","Altria Group","All White Portion","All White Portion","","14","","10.0","0.71","","0.353","Wintergreen","Wintergreen","No","Yes","No","Tobacco Leaf Nicotine","12.6","9.0","","","","","","","<p>Only one mixpack per cart. Cool and minty wintergreen flavored nicotine pouches with 9mg of tobacco leaf-free nicotine in every pouch.</p>","","","Strong","","Pack","","No","Yes","","","Northerner US,Nicokick US","3","9.0 mg/pouch","https://files.plytix.com/api/v1.1/file/public_files/pim/assets/a9/d9/19/63/6319d9a9f060d100017561d5/images/01/56/3a/6a/6a3a56019a7c5f73de947179/onplus-5f5M9MG-01.png?s=1200x","https://files.plytix.com/api/v1.1/file/public_files/pim/assets/a9/d9/19/63/6319d9a9f060d100017561d5/images/01/56/3a/6a/6a3a56019a7c5f73de947179/onplus-5f5M9MG-01.png?s=1200x","https://files.plytix.com/api/v1.1/file/public_files/pim/assets/a9/d9/19/63/6319d9a9f060d100017561d5/images/01/56/3a/6a/6a3a56019a7c5f73de947179/onplus-5f5M9MG-01.png?s=1200x","","","No","No","ICC-0102#5","Dynamic","On! Plus Wintergreen 9mg 5for$5"
"onplus-5f5M6MG","Bundle","Nicotine Pouches, USA","On! Plus Mint 6mg 5for5$","On! Plus Mint 6mg 5for5$","on!","Helix Innovations LLC","Altria Group","All White Portion","All White Portion","","14","","10.0","0.71","","0.353","Mint","Mint","No","Yes","No","Tobacco Leaf Nicotine","8.4","6.0","","","","","","","<p>Only one mixpack per cart. These 6mg tobacco leaf-free nicotine pouches offer a sweet, crisp mint topped with refreshing spearmint.</p>","","","Normal","","Pack","","No","Yes","","","Northerner US,Nicokick US","2","6.0 mg/pouch","https://files.plytix.com/api/v1.1/file/public_files/pim/assets/a9/d9/19/63/6319d9a9f060d100017561d5/images/e7/55/3a/6a/6a3a55e7820a83bd62962cba/onplus-5f5W6MG-01.png?s=1200x","https://files.plytix.com/api/v1.1/file/public_files/pim/assets/a9/d9/19/63/6319d9a9f060d100017561d5/images/e7/55/3a/6a/6a3a55e7820a83bd62962cba/onplus-5f5W6MG-01.png?s=1200x","https://files.plytix.com/api/v1.1/file/public_files/pim/assets/a9/d9/19/63/6319d9a9f060d100017561d5/images/e7/55/3a/6a/6a3a55e7820a83bd62962cba/onplus-5f5W6MG-01.png?s=1200x","","","No","No","ICC-0131#5","Dynamic","On! Plus Mint 6mg 5for5$"
"onplus-5f5M9MG","Bundle","Nicotine Pouches, USA","On! Plus Mint 9mg 5for5$","On! Plus Mint 9mg 5for5$","on!","Helix Innovations LLC","Altria Group","All White Portion","All White Portion","","14","","10.0","0.71","","0.353","Mint","Mint","No","Yes","No","Tobacco Leaf Nicotine","12.6","9.0","","","","","","","<p>Only one mixpack per cart. These 9mg tobacco leaf-free nicotine pouches offer a sweet, crisp mint topped with refreshing spearmint.</p>","","","Strong","","Pack","","No","Yes","","","Northerner US,Nicokick US","3","9.0 mg/pouch","https://files.plytix.com/api/v1.1/file/public_files/pim/assets/a9/d9/19/63/6319d9a9f060d100017561d5/images/c7/55/3a/6a/6a3a55c747042970b900f182/onplus-5f5W9MG-01.png?s=1200x","https://files.plytix.com/api/v1.1/file/public_files/pim/assets/a9/d9/19/63/6319d9a9f060d100017561d5/images/c7/55/3a/6a/6a3a55c747042970b900f182/onplus-5f5W9MG-01.png?s=1200x","https://files.plytix.com/api/v1.1/file/public_files/pim/assets/a9/d9/19/63/6319d9a9f060d100017561d5/images/c7/55/3a/6a/6a3a55c747042970b900f182/onplus-5f5W9MG-01.png?s=1200x","","","No","No","ICC-0132#5","Dynamic","On! Plus Mint 9mg 5for5$"
"alp-5f5W9MG","Bundle","Nicotine Pouches, Synthetic","ALP Mountain Wintergreen 9mg 5for$5","ALP Mountain Wintergreen 9mg 5for$5","ALP","AVB International","ALP Supply Co","All White Portion","All White Portion","Slim","20","","10.0","0.50","","0.353","Wintergreen","Wintergreen","No","Yes","No","Synthetic Nicotine","18.0","9.0","","","","","","","Only one mixpack per cart. ALP Mountain Wintergreen 9mg offer a bold wintergreen flavor and 9mg of nicotine per pouch.","","","Strong","","Pack","","No","Yes","","","Northerner US,Nicokick US","3","9.0 mg/pouch","https://files.plytix.com/api/v1.1/file/public_files/pim/assets/a9/d9/19/63/6319d9a9f060d100017561d5/images/8e/55/3a/6a/6a3a558e69335d9bfac0efa6/ALP-MW9MGx5-Black-01.png?s=1200x","https://files.plytix.com/api/v1.1/file/public_files/pim/assets/a9/d9/19/63/6319d9a9f060d100017561d5/images/8e/55/3a/6a/6a3a558e69335d9bfac0efa6/ALP-MW9MGx5-Black-01.png?s=1200x","https://files.plytix.com/api/v1.1/file/public_files/pim/assets/a9/d9/19/63/6319d9a9f060d100017561d5/images/8e/55/3a/6a/6a3a558e69335d9bfac0efa6/ALP-MW9MGx5-Black-01.png?s=1200x","","","No","No","ALP-MW9MG#5","Dynamic","ALP Mountain Wintergreen 9mg 5for$5"
"alp-5f5W6MG","Bundle","Nicotine Pouches, Synthetic","ALP Mountain Wintergreen 6mg 5for$5","ALP Mountain Wintergreen 6mg 5for$5","ALP","AVB International","ALP Supply Co","All White Portion","All White Portion","Slim","20","","10.0","0.50","","0.353","Wintergreen","Wintergreen","No","Yes","No","Synthetic Nicotine","12.0","6.0","","","","","","","Only one mixpack per cart. ALP Mountain Wintergreen 6mg has a bold wintergreen flavor and 6mg of nicotine per pouch.","","","Strong","","Pack","","No","Yes","","","Northerner US,Nicokick US","2","6.0 mg/pouch","https://files.plytix.com/api/v1.1/file/public_files/pim/assets/a9/d9/19/63/6319d9a9f060d100017561d5/images/6e/55/3a/6a/6a3a556e820a83bd62962c1c/ALP-MW6MGx5-Black-01.png?s=1200x","https://files.plytix.com/api/v1.1/file/public_files/pim/assets/a9/d9/19/63/6319d9a9f060d100017561d5/images/6e/55/3a/6a/6a3a556e820a83bd62962c1c/ALP-MW6MGx5-Black-01.png?s=1200x","https://files.plytix.com/api/v1.1/file/public_files/pim/assets/a9/d9/19/63/6319d9a9f060d100017561d5/images/6e/55/3a/6a/6a3a556e820a83bd62962c1c/ALP-MW6MGx5-Black-01.png?s=1200x","","","No","No","ALP-MW6MG#5","Dynamic","ALP Mountain Wintergreen 6mg 5for$5"
"alp-5f5TF9MG","Bundle","Nicotine Pouches, Synthetic","ALP Tropical Fruit 9mg 5for$5","ALP Tropical Fruit 9mg 5for$5","ALP","AVB International","ALP Supply Co","All White Portion","All White Portion","Slim","20","","10.0","0.50","","0.353","Fruit","Tropical Fruit","No","Yes","No","Synthetic Nicotine","18.0","9.0","","","","","","","Only one mixpack per cart. ALP Tropical Fruit 9mg provides a blend of exotic flavors with a hint of sweetness. Each pouch contains 9mg of nicotine.","","","Strong","","Pack","","No","Yes","","","Northerner US,Nicokick US","3","9.0 mg/pouch","https://files.plytix.com/api/v1.1/file/public_files/pim/assets/a9/d9/19/63/6319d9a9f060d100017561d5/images/6c/54/3a/6a/6a3a546c820a83bd62962baf/ALP-TF9MGx5-Black-01.png?s=1200x","https://files.plytix.com/api/v1.1/file/public_files/pim/assets/a9/d9/19/63/6319d9a9f060d100017561d5/images/6c/54/3a/6a/6a3a546c820a83bd62962baf/ALP-TF9MGx5-Black-01.png?s=1200x","https://files.plytix.com/api/v1.1/file/public_files/pim/assets/a9/d9/19/63/6319d9a9f060d100017561d5/images/6c/54/3a/6a/6a3a546c820a83bd62962baf/ALP-TF9MGx5-Black-01.png?s=1200x","","","No","No","ALP-TF9MG#5","Dynamic","ALP Tropical Fruit 9mg 5for$5"
"alp-5f5TF6MG","Bundle","Nicotine Pouches, Synthetic","ALP Tropical Fruit 6mg 5for$5","ALP Tropical Fruit 6mg 5for$5","ALP","AVB International","ALP Supply Co","All White Portion","All White Portion","Slim","20","","10.0","0.50","","0.353","Fruit","Tropical Fruit","No","Yes","No","Synthetic Nicotine","12.0","6.0","","","","","","","Only one mixpack per cart. ALP Tropical Fruit 6mg nicotine pouches deliver a blend of exotic flavors with a hint of sweetness.","","","Strong","","Pack","","No","Yes","","","Northerner US,Nicokick US","2","6.0 mg/pouch","https://files.plytix.com/api/v1.1/file/public_files/pim/assets/a9/d9/19/63/6319d9a9f060d100017561d5/images/2a/55/3a/6a/6a3a552a820a83bd62962c04/ALP-TF6MGx5-Black-01.png?s=1200x","https://files.plytix.com/api/v1.1/file/public_files/pim/assets/a9/d9/19/63/6319d9a9f060d100017561d5/images/2a/55/3a/6a/6a3a552a820a83bd62962c04/ALP-TF6MGx5-Black-01.png?s=1200x","https://files.plytix.com/api/v1.1/file/public_files/pim/assets/a9/d9/19/63/6319d9a9f060d100017561d5/images/2a/55/3a/6a/6a3a552a820a83bd62962c04/ALP-TF6MGx5-Black-01.png?s=1200x","","","No","No","ALP-TF6MG#5","Dynamic","ALP Tropical Fruit 6mg 5for$5"
"zyn-ultramix9mg","Bundle","Nicotine Pouches, USA","ZYN Ultra 9mg Mixpack","ZYN Ultra 9mg Mixpack","ZYN","Swedish Match","Swedish Match USA","All White Portion","All White Portion","White Pouches","20","","16.0","0.80","","0.5643","Mixed","Peppermint,Citrus,Mint,Spearmint,Wintergreen","No","Yes","No","Tobacco Leaf Nicotine","11.25","9.0","","","","","","","","<h2>Discover ZYN Ultra 9MG Mixpack</h2><p>Get a range of popular ZYN Ultra 9mg flavors with our mixpack of 5 ZYN Ultra cans.</p><p>These?new?pouches?from ZYN?contain?9mg?of nicotine and?provide?an alternative to traditional oral tobacco products?in?with 5 different flavors in 9mg strength (now?with?20 moist?pouches per can).</p><h3>This mixpack contains:</h3><ul><li>1x ZYN Ultra Wintergreen Blast 9mg</li><li>1x ZYN Ultra Arctic Mint 9mg</li><li>1x ZYN Ultra Peppermint Frost 9mg</li><li>1x ZYN Ultra Fresh Spearmint 9mg</li><li>1x ZYN Ultra Citrus Zest 9mg</li></ul><p><strong>How to Use:</strong> Break the seal of your ZYN Ultra can and twist?the?lid until the arrows line up. Pop?open?the can, grab a fresh pouch, and park it?comfortably against your gum under your lip. Leave?your ZYN?there releasing nicotine?for up to an hour. Throw?it in the trash when?you’re?done or store used pouches in the can’s?built-in?waste compartment.</p><h2>About ZYN Ultra</h2><p><a href=""https://www.northerner.com/us/zyn/zyn-ultra"">ZYN Ultra</a> is the latest innovation from Swedish Match. These slightly moist, all-white pouches are available in assorted flavors,?containing?more milligrams?of nicotine?per pouch and more pouches per can than ZYN.</p>","","Extra Strong","","Pack","","No","Yes","","","Northerner US,Nicokick US","3","9.0 mg/pouch","https://files.plytix.com/api/v1.1/file/public_files/pim/assets/a9/d9/19/63/6319d9a9f060d100017561d5/images/07/54/3a/6a/6a3a54072ef097fd81f89289/ZYN-Ultra-9mg-Mixpack-01.png?s=1200x","https://files.plytix.com/api/v1.1/file/public_files/pim/assets/a9/d9/19/63/6319d9a9f060d100017561d5/images/07/54/3a/6a/6a3a54072ef097fd81f89289/ZYN-Ultra-9mg-Mixpack-01.png?s=1200x","https://files.plytix.com/api/v1.1/file/public_files/pim/assets/a9/d9/19/63/6319d9a9f060d100017561d5/images/07/54/3a/6a/6a3a54072ef097fd81f89289/ZYN-Ultra-9mg-Mixpack-01.png?s=1200x","","","No","No","SMN-988510#1, SMN-985510#1, SMN-989510#1, SMN-987510#1, SMN-986510#1","Dynamic","ZYN Ultra 9mg Mixpack"
"zyn-ultramix11mg","Bundle","Nicotine Pouches, USA","ZYN Ultra 11mg Mixpack","ZYN Ultra 11mg Mixpack","ZYN","Swedish Match","Swedish Match USA","All White Portion","All White Portion","White Pouches","20","","16.0","0.80","","0.5643","Mixed","Peppermint,Citrus,Mint,Spearmint,Wintergreen","No","Yes","No","Tobacco Leaf Nicotine","13.75","11.0","","","","","","","","<h2>Discover ZYN Ultra 11MG Mixpack</h2><p>Get a range of popular ZYN Ultra 11mg flavors with our mixpack of 5 ZYN Ultra cans.</p><p>These?new?pouches?from ZYN?contain?11mg?of nicotine and?provide?an alternative to traditional oral tobacco products?in?with 5 different flavors in this mixpack (now?with?20 moist?pouches per can).</p><h3>This mixpack contains:</h3><ul><li>1x ZYN Ultra Wintergreen Blast 11mg</li><li>1x ZYN Ultra Arctic Mint 11mg</li><li>1x ZYN Ultra Peppermint Frost 11mg</li><li>1x ZYN Ultra Fresh Spearmint 11mg</li><li>1x ZYN Ultra Citrus Zest 11mg</li></ul><p><strong>How to Use:</strong> Break the seal of your ZYN Ultra can and twist?the?lid until the arrows line up. Pop?open?the can, grab a fresh pouch, and park it?comfortably against your gum under your lip. Leave?your ZYN?there releasing nicotine?for up to an hour. Throw?it in the trash when?you’re?done or store used pouches in the can’s?built-in?waste compartment.</p><h2>About ZYN Ultra</h2><p><a href=""https://www.northerner.com/us/zyn/zyn-ultra"">ZYN Ultra</a> is the latest innovation from Swedish Match. These slightly moist, all-white pouches are available in assorted flavors,?containing?more milligrams?of nicotine?per pouch and more pouches per can than ZYN.</p>","","Extra Strong","","Pack","","No","Yes","","","Northerner US,Nicokick US","4","11.0 mg/pouch","https://files.plytix.com/api/v1.1/file/public_files/pim/assets/a9/d9/19/63/6319d9a9f060d100017561d5/images/ee/53/3a/6a/6a3a53ee1a419322624630e4/ZYN-Ultra-11mg-Mixpack-01.png?s=1200x","https://files.plytix.com/api/v1.1/file/public_files/pim/assets/a9/d9/19/63/6319d9a9f060d100017561d5/images/ee/53/3a/6a/6a3a53ee1a419322624630e4/ZYN-Ultra-11mg-Mixpack-01.png?s=1200x","https://files.plytix.com/api/v1.1/file/public_files/pim/assets/a9/d9/19/63/6319d9a9f060d100017561d5/images/ee/53/3a/6a/6a3a53ee1a419322624630e4/ZYN-Ultra-11mg-Mixpack-01.png?s=1200x","","","No","No","SMN-988520#1, SMN-985520#1, SMN-989520#1, SMN-987520#1, SMN-986520#1","Dynamic","ZYN Ultra 11mg Mixpack"
"Z-dragon6mg5for10","Bundle","Nicotine Pouches, Synthetic","zone Dragon Fruit 6mg 5 for $10","zone Dragon Fruit 6mg 5 for $10","ZONE","TJP Labs Inc.","ITG Brands","All White Portion","All White Portion","Slim","20","","8.0","0.40","","0.28","Fruit","Dragon Fruit","No","Yes","No","Synthetic Nicotine","15.0","6.0","","","","","","","","","","Normal","","Pack","","No","Yes","","","Northerner US,Nicokick US","2","6.0 mg/pouch","https://files.plytix.com/api/v1.1/file/public_files/pim/assets/a9/d9/19/63/6319d9a9f060d100017561d5/images/bf/53/3a/6a/6a3a53bf47042970b900f0c2/Z-dragon6mg5for10-01.png?s=1200x","https://files.plytix.com/api/v1.1/file/public_files/pim/assets/a9/d9/19/63/6319d9a9f060d100017561d5/images/bf/53/3a/6a/6a3a53bf47042970b900f0c2/Z-dragon6mg5for10-01.png?s=1200x","https://files.plytix.com/api/v1.1/file/public_files/pim/assets/a9/d9/19/63/6319d9a9f060d100017561d5/images/bf/53/3a/6a/6a3a53bf47042970b900f0c2/Z-dragon6mg5for10-01.png?s=1200x","","","No","No","Z-P1022B#5","Dynamic","zone Dragon Fruit 6mg 5 for $10"
"Z-winter6mg5for10","Bundle","Nicotine Pouches, Synthetic","zone Wintergreen 6mg 5 for $10","zone Wintergreen 6mg 5 for $10","ZONE","TJP Labs Inc.","ITG Brands","All White Portion","All White Portion","Slim","20","","8.0","0.40","","0.28","Wintergreen","Wintergreen","No","Yes","No","Synthetic Nicotine","15.0","6.0","","","","","","","","","","Normal","","Pack","","No","Yes","","","Northerner US,Nicokick US","2","6.0 mg/pouch","https://files.plytix.com/api/v1.1/file/public_files/pim/assets/a9/d9/19/63/6319d9a9f060d100017561d5/images/8b/53/3a/6a/6a3a538b9a7c5f73de94709b/Z-winter6mg5for10-01.png?s=1200x","https://files.plytix.com/api/v1.1/file/public_files/pim/assets/a9/d9/19/63/6319d9a9f060d100017561d5/images/8b/53/3a/6a/6a3a538b9a7c5f73de94709b/Z-winter6mg5for10-01.png?s=1200x","https://files.plytix.com/api/v1.1/file/public_files/pim/assets/a9/d9/19/63/6319d9a9f060d100017561d5/images/8b/53/3a/6a/6a3a538b9a7c5f73de94709b/Z-winter6mg5for10-01.png?s=1200x","","","No","No","Z-P1017B#5","Dynamic","zone Wintergreen 6mg 5 for $10"
"zyn-mix3mgnew","Bundle","Nicotine Pouches, USA","ZYN Mixpack 3MG","ZYN Mixpack 3MG","ZYN","Swedish Match","Swedish Match USA","All White Portion","All White Portion","White Pouches","15","","6.0","0.40","","0.21","Mixed","Mixed Berries,Tropical Fruit,Black Cherry,Peach","No","Yes","No","Tobacco Leaf Nicotine","7.5","3.0","","","","","","","","","","3MG","","Pack","","No","Yes","","","Northerner US,Nicokick US","1","3.0 mg/pouch","https://files.plytix.com/api/v1.1/file/public_files/pim/assets/a9/d9/19/63/6319d9a9f060d100017561d5/images/46/58/3a/6a/6a3a584647042970b900f2ba/ZYN-3mg-3P-Mixpack-01.png?s=1200x","https://files.plytix.com/api/v1.1/file/public_files/pim/assets/a9/d9/19/63/6319d9a9f060d100017561d5/images/46/58/3a/6a/6a3a584647042970b900f2ba/ZYN-3mg-3P-Mixpack-01.png?s=1200x","https://files.plytix.com/api/v1.1/file/public_files/pim/assets/a9/d9/19/63/6319d9a9f060d100017561d5/images/46/58/3a/6a/6a3a584647042970b900f2ba/ZYN-3mg-3P-Mixpack-01.png?s=1200x","","","No","No","SMN-905510#1, SMN-908510#1, SMN-911510#1","Dynamic","ZYN Mixpack 3MG"
"zyn-mix6mgnew","Bundle","Nicotine Pouches, USA","ZYN Mixpack 6MG","ZYN Mixpack 6MG","ZYN","Swedish Match","Swedish Match USA","All White Portion","All White Portion","White Pouches","15","","6.0","0.40","","0.21","Mixed","Mixed Berries,Tropical Fruit,Black Cherry,Peach","No","Yes","No","Tobacco Leaf Nicotine","15.0","6.0","","","","","","","","","","6MG","","Pack","","No","Yes","","","Northerner US,Nicokick US","2","6.0 mg/pouch","https://files.plytix.com/api/v1.1/file/public_files/pim/assets/a9/d9/19/63/6319d9a9f060d100017561d5/images/6d/58/3a/6a/6a3a586d69335d9bfac0f0fb/ZYN-6mg-3P-Mixpack-01.png?s=1200x","https://files.plytix.com/api/v1.1/file/public_files/pim/assets/a9/d9/19/63/6319d9a9f060d100017561d5/images/6d/58/3a/6a/6a3a586d69335d9bfac0f0fb/ZYN-6mg-3P-Mixpack-01.png?s=1200x","https://files.plytix.com/api/v1.1/file/public_files/pim/assets/a9/d9/19/63/6319d9a9f060d100017561d5/images/6d/58/3a/6a/6a3a586d69335d9bfac0f0fb/ZYN-6mg-3P-Mixpack-01.png?s=1200x","","","No","No","SMN-905520#1, SMN-908520#1, SMN-911520#1","Dynamic","ZYN Mixpack 6MG"
"Z-spicymixpack6mg","Bundle","Nicotine Pouches, Synthetic","zone Spicy Mixpack 6mg","zone Spicy Mixpack 6mg","ZONE","TJP Labs Inc.","ITG Brands","All White Portion","All White Portion","Slim","20","","8.0","0.40","","0.28","Mixed","Mango,Strawberry,Chili,Jalapeño,Lime","No","Yes","No","Synthetic Nicotine","15.0","6.0","","","","","","","<p>Try the newest flavor category on Northerner: spicy nicotine pouches. Now you can try 3 different zone pouches in this 6mg spicy mixpack featuring a can of each flavor: Jalapeño lime, Spicy Strawberry, and Spicy Mango.</p>","<h2>Discover the new Spicy 6mg Mixpack from zone</h2><p>Each of zone’s spicy nicotine pouches are available in this 6mg mixpack.</p><p>21+ adult nicotine consumers can try 3 flavors in a new category—including the zone Jalapeño Lime, and 2 Northerner exclusives: zone Spicy Strawberry and zone Spicy Mango.</p><p>Experience the ultra-smooth material of zone pouches.</p><h3>This mixpack contains:</h3><ul><li>1 can of Jalapeño Lime 6mg</li><li>1 can of Spicy Strawberry 6mg</li><li>1 can of Spicy Mango 6mg</li></ul><h2>About zone</h2><p>Launched in the US in 2024,&nbsp;<a href=""https://www.northerner.com/us/zone"">zone</a>&nbsp;is recognized for their premium all-white nicotine pouches made with 100% synthetic nicotine. The brand is manufactured by TJP Labs Inc. and offers multiple flavored and unflavored options in either 6mg or 9mg strengths.</p>","","Normal","","Pack","3","No","Yes","","","Northerner US,Nicokick US","2","6.0 mg/pouch","https://files.plytix.com/api/v1.1/file/public_files/pim/assets/a9/d9/19/63/6319d9a9f060d100017561d5/images/9a/8b/4b/6a/6a4b8b9a55593469c69fe62f/zone-SpicyMixpack-6mg-01.png?s=1200x","https://files.plytix.com/api/v1.1/file/public_files/pim/assets/a9/d9/19/63/6319d9a9f060d100017561d5/images/9a/8b/4b/6a/6a4b8b9a55593469c69fe62f/zone-SpicyMixpack-6mg-01.png?s=1200x","https://files.plytix.com/api/v1.1/file/public_files/pim/assets/a9/d9/19/63/6319d9a9f060d100017561d5/images/9a/8b/4b/6a/6a4b8b9a55593469c69fe62f/zone-SpicyMixpack-6mg-01.png?s=1200x","","","","","Z-P1082B#1, Z-P1094B#1, Z-P1080B#1","Dynamic","zone Spicy Mixpack 6mg"
"Z-spicymixpack9mg","Bundle","Nicotine Pouches, Synthetic","zone Spicy Mixpack 9mg","zone Spicy Mixpack 9mg","ZONE","TJP Labs Inc.","ITG Brands","All White Portion","All White Portion","Slim","20","","8.0","0.40","","0.28","Mixed","Mango,Strawberry,Chili,Jalapeño,Lime","No","Yes","No","Synthetic Nicotine","","9.0","","","","","","","<p>Try the newest flavor category on Northerner: spicy nicotine pouches. Now you can try 3 different zone pouches in this 9mg spicy mixpack featuring a can of each flavor: Jalapeño lime, Spicy Strawberry, and Spicy Mango.</p>","<h2>Discover the new Spicy 9mg Mixpack from zone</h2><p>Each of zone’s spicy nicotine pouches are available in this 9mg mixpack.</p><p>21+ adult nicotine consumers can try 3 flavors in a new category—including the zone Jalapeño Lime, and 2 Northerner exclusives: zone Spicy Strawberry and zone Spicy Mango.</p><p>Experience the ultra-smooth material of zone pouches.</p><h3>This mixpack contains:</h3><ul><li>1 can of Jalapeño Lime 9mg</li><li>1 can of Spicy Strawberry 9mg</li><li>1 can of Spicy Mango 9mg</li></ul><h2>About zone</h2><p>Launched in the US in 2024,&nbsp;<a href=""https://www.northerner.com/us/zone"">zone</a>&nbsp;is recognized for their premium all-white nicotine pouches made with 100% synthetic nicotine. The brand is manufactured by TJP Labs Inc. and offers multiple flavored and unflavored options in either 6mg or 9mg strengths.</p>","","Strong","","Pack","3","No","Yes","","","Northerner US,Nicokick US","3","9.0 mg/pouch","https://files.plytix.com/api/v1.1/file/public_files/pim/assets/a9/d9/19/63/6319d9a9f060d100017561d5/images/c6/8b/4b/6a/6a4b8bc6d317091ef0989880/zone-SpicyMixpack-9mg-01.png?s=1200x","https://files.plytix.com/api/v1.1/file/public_files/pim/assets/a9/d9/19/63/6319d9a9f060d100017561d5/images/c6/8b/4b/6a/6a4b8bc6d317091ef0989880/zone-SpicyMixpack-9mg-01.png?s=1200x","https://files.plytix.com/api/v1.1/file/public_files/pim/assets/a9/d9/19/63/6319d9a9f060d100017561d5/images/c6/8b/4b/6a/6a4b8bc6d317091ef0989880/zone-SpicyMixpack-9mg-01.png?s=1200x","","","","","Z-P1083B#1, Z-P1095B#1, Z-P1081B#1","Dynamic","zone Spicy Mixpack 9mg"
"RGH-freshmint6mg","Bundle","Nicotine Pouches, USA","Rogue Fresh Mint 6mg Mixpack","Rogue Fresh Mint 6mg Mixpack","Rogue","NicoGen Pharma Solutions","Rogue Holdings","All White Portion","All White Portion","Slim","20","","135.0","6.75","","0.48","Mixed","Spearmint,Peppermint,Wintergreen,Cinnamon","No","Yes","No","Tobacco Leaf Nicotine","8.9","6.0","","","","","","","Four cans of Rogue 6mg tobacco leaf-free nicotine pouches in Peppermint, Wintergreen, Spearmint, and Cinnamon flavors.","<h2>Introducing the Rogue Mint 6mg Mix Pack</h2><p>The Rogue Mint 6mg Mix Pack includes four cans of tobacco leaf-free nicotine pouches, featuring Peppermint, Wintergreen, Spearmint, and Cinnamon flavors. It's an easy way to explore the Rogue 6mg mint nicotine pouch lineup available on Northerner!</p><h3>Rogue Mint 6mg Mix Pack Contents</h3><ul><li>Rogue Peppermint 6mg</li><li>Rogue Wintergreen 6mg</li><li>Rogue Spearmint 6mg</li><li>Rogue Cinnamon 6mg</li></ul><h3>Rogue Mint 6mg Mix Pack Facts</h3><ul><li><strong>Flavors:&nbsp;</strong>Peppermint, Wintergreen, Spearmint, Cinnamon</li><li><strong>Nicotine Strength:&nbsp;</strong>6mg/pouch</li><li><strong>Number of Rogue Pouches per Can:&nbsp;</strong>20</li><li><strong>Pouch Size:&nbsp;</strong>Slim</li><li><strong>Pouch Style:</strong> Dry nicotine pouches</li><li><strong>Manufacturer:</strong> Rogue Holdings, LLC, a wholly owned subsidiary of Swisher International, Inc.</li></ul><h2>How to Use Rogue Mint 6mg Mix Pack</h2><p>Using any Rogue Mint 6mg mix pack is simple, just follow these 4 steps to get started:</p><ol><li>Put one of the Rogue pouches into your mouth</li></ol><ol><li>Park it under your upper or lower lip (typically, people prefer parking it under the upper lip between the lip and gum)</li></ol><ol><li>Leave it for up to 60 mins</li></ol><ol><li>Remove the pouch and dispose of it in the trash</li></ol><h2>About Rogue Nicotine</h2><p><a href=""https://www.northerner.com/us/rogue"">Rogue</a> is a nicotine pouch brand manufactured in the United States using domestic and imported ingredients. The brand offers tobacco leaf-free nicotine pouches in a variety of flavors, strengths, and pouch formats for adult nicotine users (21+).</p><p>Today, the Rogue lineup includes both Rogue and Rogue Max (coming soon!). Rogue is available in 10 flavors and 2 nicotine strengths (3mg and 6mg), while Rogue Max expands the range with a slim, moist pouch format available in 4 flavors and nicotine strengths of 9mg, 12mg, and 15mg. Both Rogue and Rogue max contain 20 nicotine pouches per can.</p><p>Rogue products are made with nicotine polacrilex and other ingredients that vary by product. Refer to the product packaging for the most current ingredient information.</p><p>Rogue is owned by Rogue Holdings, LLC, a wholly owned subsidiary of Swisher International, Inc., a wholly owned subsidiary of Swisher International, Inc.</p>","","Normal","","Pack","4","No","Yes","","","Northerner US,Nicokick US","2","6.0 mg/pouch","https://files.plytix.com/api/v1.1/file/public_files/pim/assets/a9/d9/19/63/6319d9a9f060d100017561d5/images/06/91/4b/6a/6a4b9106d317091ef0989a6e/Rogue-Fresh-Mint-Bundle-01.png?s=1200x","https://files.plytix.com/api/v1.1/file/public_files/pim/assets/a9/d9/19/63/6319d9a9f060d100017561d5/images/06/91/4b/6a/6a4b9106d317091ef0989a6e/Rogue-Fresh-Mint-Bundle-01.png?s=1200x","https://files.plytix.com/api/v1.1/file/public_files/pim/assets/a9/d9/19/63/6319d9a9f060d100017561d5/images/06/91/4b/6a/6a4b9106d317091ef0989a6e/Rogue-Fresh-Mint-Bundle-01.png?s=1200x","","","","","RGH-R129#1, RGH-R125#1, RGH-R123#1, RGH-R131#1","Dynamic","Rogue Fresh Mint 6mg Mixpack"
"RGH-fruitfavorites6mg","Bundle","Nicotine Pouches, USA","Rogue Fruit Favorites 6mg Mixpack","Rogue Fruit Favorites 6mg Mixpack","Rogue","NicoGen Pharma Solutions","Rogue Holdings","All White Portion","All White Portion","Slim","20","","13.5","0.68","","0.48","Mixed","Mango,Citrus,Green Apple,Blueberry,Raspberry","No","Yes","No","Tobacco Leaf Nicotine","8.9","6.0","","","","","","","Four cans of Rogue 6mg tobacco leaf-free nicotine pouches in Mango, Citrus, Apple, and Berry flavors.","<h2>Introducing the Rogue Fruit 6mg Mix Pack</h2><p>The Rogue Fruit 6mg Mix Pack includes four cans of tobacco leaf-free nicotine pouches, featuring Mango, Citrus, Apple, and Berry flavors. It's an easy way to explore the Rogue 6mg fruit nicotine pouch lineup available on Northerner.</p><h3>Rogue Fruit 6mg Mix Pack Contents</h3><ul><li>Rogue Mango 6mg</li><li>Rogue Citrus 6mg</li><li>Rogue Apple 6mg</li><li>Rogue Berry 6mg</li></ul><h3>Rogue Fruit 6mg Mix Pack Facts</h3><ul><li>Flavors: Mango, Citrus, Apple, Berry</li><li>Nicotine Strength: 6mg/pouch</li><li>Number of Rogue Pouches per Can: 20</li><li>Pouch Size: Slim</li><li>Pouch Style: Dry nicotine pouches</li><li>Manufacturer: Rogue Holdings, LLC, a wholly owned subsidiary of Swisher International, Inc.</li></ul><h2>How to us Rogue Fruit 6mg Mix Pack</h2><p>Using any Rogue 6mg nicotine pouches is simple, just follow these 4 steps to get started:</p><ol><li>Put one of the Rogue pouches into your mouth</li><li>Park it under your upper or lower lip (typically, people prefer parking it under the upper lip between the lip and gum)</li><li>Leave it for up to 60 mins</li><li>Remove the pouch and dispose of it in the trash</li></ol><h2>About Rogue Nicotine</h2><p><a href=""https://www.northerner.com/us/rogue"">Rogue</a> is a nicotine pouch brand manufactured in the United States using domestic and imported ingredients. The brand offers tobacco leaf-free nicotine pouches in a variety of flavors, strengths, and pouch formats for adult nicotine users (21+).</p><p>Today, the Rogue lineup includes both Rogue and Rogue Max (coming soon!). Rogue is available in 10 flavors and 2 nicotine strengths (3mg and 6mg), while Rogue Max expands the range with a slim, moist pouch format available in 4 flavors and nicotine strengths of 9mg, 12mg, and 15mg. Both Rogue and Rogue max contain 20 nicotine pouches per can.</p><p>Rogue products are made with nicotine polacrilex and other ingredients that vary by product. Refer to the product packaging for the most current ingredient information.</p><p>Rogue is owned by Rogue Holdings, LLC, a wholly owned subsidiary of Swisher International, Inc., a wholly owned subsidiary of Swisher International, Inc.</p>","","Normal","","Pack","4","No","Yes","","","Northerner US,Nicokick US","2","6.0 mg/pouch","https://files.plytix.com/api/v1.1/file/public_files/pim/assets/a9/d9/19/63/6319d9a9f060d100017561d5/images/22/91/4b/6a/6a4b9122f5690e45271b9441/Rogue-Fruit-Favorites-Mixpack-01.png?s=1200x","https://files.plytix.com/api/v1.1/file/public_files/pim/assets/a9/d9/19/63/6319d9a9f060d100017561d5/images/22/91/4b/6a/6a4b9122f5690e45271b9441/Rogue-Fruit-Favorites-Mixpack-01.png?s=1200x","https://files.plytix.com/api/v1.1/file/public_files/pim/assets/a9/d9/19/63/6319d9a9f060d100017561d5/images/22/91/4b/6a/6a4b9122f5690e45271b9441/Rogue-Fruit-Favorites-Mixpack-01.png?s=1200x","","","","","RGH-R143#1, RGH-R133#1, RGH-R137#1, RGH-R127#1","Dynamic","Rogue Fruit Favorites 6mg Mixpack"
"RGH-roguemax12mg","Bundle","Nicotine Pouches, Synthetic","Rogue Max 12mg Mixpack","Rogue Max 12mg Mixpack","Rogue","NicoGen Pharma Solutions","Rogue Holdings","All White Portion","All White Portion","Slim","20","","10.62","0.53","","0.37","Mixed","Blue Raspberry,Citrus,Wintergreen,Spearmint","No","Yes","No","Synthetic Nicotine","22.6","12.0","","","","","","","Four cans of Rogue Max 12mg tobacco leaf-free nicotine pouches in Citrus, Blue Raspberry, Spearmint, and Wintergreen flavors.","<h2>Introducing the Rogue Max 12mg Mix Pack</h2><p>The Rogue Max 12mg Mix Pack includes four cans of tobacco leaf-free nicotine pouches, featuring Citrus, Blue Raspberry, Spearmint, and Wintergreen flavors. It's an easy way to explore the Rogue Max 12mg nicotine pouch lineup available on Northerner.</p><h3>Rogue Max 12mg Mix Pack Contents</h3><ul><li>Rogue Max Citrus 12mg</li><li>Rogue Max Blue Raspberry 12mg</li><li>Rogue Max Spearmint 12mg</li><li>Rogue Max Wintergreen 12mg</li></ul><h3>Rogue Max 12mg Mix Pack Facts</h3><ul><li><strong>Flavors:</strong> Citrus, Blue Raspberry, Spearmint, Wintergreen</li><li><strong>Nicotine Strength:</strong> 12mg/pouch</li><li><strong>Number of Rogue Max Pouches per Can:</strong> 20</li><li><strong>Pouch Size:</strong> Slim</li><li><strong>Pouch Style:</strong> Moist nicotine pouches</li><li><strong>Manufacturer:</strong> Rogue Holdings, LLC, a wholly owned subsidiary of Swisher International, Inc.</li></ul><h2>How to Use Rogue Max 12mg Mix Pack</h2><p>Using Rogue Max 12mg nicotine pouches is simple, just follow these 4 steps to get started:</p><ol><li>Put one of the Rogue Max pouches into your mouth.</li><li>Park it under your upper or lower lip (typically, people prefer parking it under the upper lip between the lip and gum).</li><li>Leave it for up to 60 mins.</li><li>Remove the pouch and dispose of it in the trash.</li></ol><h2>About Rogue Nicotine</h2><p><a href=""https://www.northerner.com/us/rogue"">Rogue</a> is a nicotine pouch brand manufactured in the United States using domestic and imported ingredients. The brand offers tobacco leaf-free nicotine pouches in a variety of flavors, strengths, and pouch formats for adult nicotine users (21+).</p><p>Today, the Rogue lineup includes both Rogue and Rogue Max. Rogue is available in 10 flavors and 2 nicotine strengths (3mg and 6mg), while Rogue Max expands the range with a slim, moist pouch format available in 4 flavors and nicotine strengths of 9mg, 12mg, and 15mg. Both Rogue and Rogue Max contain 20 nicotine pouches per can.</p><p>Rogue products are made with nicotine polacrilex and other ingredients that vary by product. Refer to the product packaging for the most current ingredient information.</p><p>Rogue is owned by Rogue Holdings, LLC, a wholly owned subsidiary of Swisher International, Inc., a wholly owned subsidiary of Swisher International, Inc.</p>","","Extra Strong","","Pack","4","No","Yes","","","Northerner US,Nicokick US","4","12.0 mg/pouch","https://files.plytix.com/api/v1.1/file/public_files/pim/assets/a9/d9/19/63/6319d9a9f060d100017561d5/images/43/91/4b/6a/6a4b914309f9f2c413fe91ac/Rogue-Max-12mg-Mixpack-01.png?s=1200x","https://files.plytix.com/api/v1.1/file/public_files/pim/assets/a9/d9/19/63/6319d9a9f060d100017561d5/images/43/91/4b/6a/6a4b914309f9f2c413fe91ac/Rogue-Max-12mg-Mixpack-01.png?s=1200x","https://files.plytix.com/api/v1.1/file/public_files/pim/assets/a9/d9/19/63/6319d9a9f060d100017561d5/images/43/91/4b/6a/6a4b914309f9f2c413fe91ac/Rogue-Max-12mg-Mixpack-01.png?s=1200x","","","","","RGH-R657#1, RGH-R660#1, RGH-R654#1, RGH-R651#1","Dynamic","Rogue Max 12mg Mixpack"
"RGH-roguemax15mg","Bundle","Nicotine Pouches, Synthetic","Rogue Max 15mg Mixpack","Rogue Max 15mg Mixpack","Rogue","NicoGen Pharma Solutions","Rogue Holdings","All White Portion","All White Portion","Slim","20","","10.62","0.53","","0.37","Mixed","Blue Raspberry,Citrus,Wintergreen,Spearmint","No","Yes","No","Synthetic Nicotine","28.2","15.0","","","","","","","Four cans of Rogue Max 15mg tobacco leaf-free nicotine pouches in Citrus, Blue Raspberry, Spearmint, and Wintergreen flavors.","<h2>Introducing the Rogue Max 15mg Mix Pack</h2><p>The Rogue Max 15mg Mix Pack includes four cans of tobacco leaf-free nicotine pouches, featuring Citrus, Blue Raspberry, Spearmint, and Wintergreen flavors. It's an easy way to explore the Rogue Max 15mg nicotine pouch lineup available on Northerner.</p><h3>Rogue Max 15mg Mix Pack Contents</h3><ul><li>Rogue Max Citrus 15mg</li><li>Rogue Max Blue Raspberry 15mg</li><li>Rogue Max Spearmint 15mg</li><li>Rogue Max Wintergreen 15mg</li></ul><h3>Rogue Max 15mg Mix Pack Facts</h3><ul><li><strong>Flavors:</strong> Citrus, Blue Raspberry, Spearmint, Wintergreen</li><li><strong>Nicotine Strength:</strong> 15mg/pouch</li><li><strong>Number of Rogue Max Pouches per Can:</strong> 20</li><li><strong>Pouch Size:</strong> Slim</li><li><strong>Pouch Style:</strong> Moist nicotine pouches</li><li><strong>Manufacturer:</strong> Rogue Holdings, LLC, a wholly owned subsidiary of Swisher International, Inc.</li></ul><h2>How to Use Rogue Max 15mg Mix Pack</h2><p>Using Rogue Max 15mg nicotine pouches is simple, just follow these 4 steps to get started:</p><ol><li>Put one of the Rogue Max pouches into your mouth.</li><li>Park it under your upper or lower lip (typically, people prefer parking it under the upper lip between the lip and gum).</li><li>Leave it for up to 60 mins.</li><li>Remove the pouch and dispose of it in the trash.</li></ol><h2>About Rogue Nicotine</h2><p><a href=""https://www.northerner.com/us/rogue"">Rogue</a> is a nicotine pouch brand manufactured in the United States using domestic and imported ingredients. The brand offers tobacco leaf-free nicotine pouches in a variety of flavors, strengths, and pouch formats for adult nicotine users (21+).</p><p>Today, the Rogue lineup includes both Rogue and Rogue Max. Rogue is available in 10 flavors and 2 nicotine strengths (3mg and 6mg), while Rogue Max expands the range with a slim, moist pouch format available in 4 flavors and nicotine strengths of 9mg, 12mg, and 15mg. Both Rogue and Rogue Max contain 20 nicotine pouches per can.</p><p>Rogue products are made with nicotine polacrilex and other ingredients that vary by product. Refer to the product packaging for the most current ingredient information.</p><p>Rogue is owned by Rogue Holdings, LLC, a wholly owned subsidiary of Swisher International, Inc., a wholly owned subsidiary of Swisher International, Inc.</p>","","Extra Strong","","Pack","4","No","Yes","","","Northerner US,Nicokick US","5","15.0 mg/pouch","https://files.plytix.com/api/v1.1/file/public_files/pim/assets/a9/d9/19/63/6319d9a9f060d100017561d5/images/63/91/4b/6a/6a4b9163510a568dcdd7a6c2/Rogue-Max-15mg-Mixpack-01.png?s=1200x","https://files.plytix.com/api/v1.1/file/public_files/pim/assets/a9/d9/19/63/6319d9a9f060d100017561d5/images/63/91/4b/6a/6a4b9163510a568dcdd7a6c2/Rogue-Max-15mg-Mixpack-01.png?s=1200x","https://files.plytix.com/api/v1.1/file/public_files/pim/assets/a9/d9/19/63/6319d9a9f060d100017561d5/images/63/91/4b/6a/6a4b9163510a568dcdd7a6c2/Rogue-Max-15mg-Mixpack-01.png?s=1200x","","","","","RGH-R658#1, RGH-R661#1, RGH-R655#1, RGH-R652#1","Dynamic","Rogue Max 15mg Mixpack"
"RGH-roguemax9mg","Bundle","Nicotine Pouches, Synthetic","Rogue Max 9mg Mixpack","Rogue Max 9mg Mixpack","Rogue","NicoGen Pharma Solutions","Rogue Holdings","All White Portion","All White Portion","Slim","20","","10.62","0.53","","0.37","Mixed","Blue Raspberry,Citrus,Wintergreen,Spearmint","No","Yes","No","Synthetic Nicotine","16.9","9.0","","","","","","","Four cans of Rogue Max 9mg tobacco leaf-free nicotine pouches in Citrus, Blue Raspberry, Spearmint, and Wintergreen flavors.","<h2>Introducing the Rogue Max 9mg Mix Pack</h2><p>The Rogue Max 9mg Mix Pack includes four cans of tobacco leaf-free nicotine pouches, featuring Citrus, Blue Raspberry, Spearmint, and Wintergreen flavors. It's an easy way to explore the Rogue Max 9mg nicotine pouch lineup available on Northerner.</p><h3>Rogue Max 9mg Mix Pack Contents</h3><ul><li>Rogue Max Citrus 9mg</li><li>Rogue Max Blue Raspberry 9mg</li><li>Rogue Max Spearmint 9mg</li><li>Rogue Max Wintergreen 9mg</li></ul><h3>Rogue Max 9mg Mix Pack Facts</h3><ul><li><strong>Flavors:</strong> Citrus, Blue Raspberry, Spearmint, Wintergreen</li><li><strong>Nicotine Strength:</strong> 9mg/pouch</li><li><strong>Number of Rogue Max Pouches per Can:</strong> 20</li><li><strong>Pouch Size:</strong> Slim</li><li><strong>Pouch Style:</strong> Moist nicotine pouches</li><li><strong>Manufacturer:</strong> Rogue Holdings, LLC, a wholly owned subsidiary of Swisher International, Inc.</li></ul><h2>How to Use Rogue Max 9mg Mix pack</h2><p>Using Rogue Max 9mg nicotine pouches is simple, just follow these 4 steps to get started:</p><ol><li>Put one of the Rogue Max pouches into your mouth.</li><li>Park it under your upper or lower lip (typically, people prefer parking it under the upper lip between the lip and gum).</li><li>Leave it for up to 60 mins.</li><li>Remove the pouch and dispose of it in the trash.</li></ol><h2>About Rogue Nicotine</h2><p><a href=""https://www.northerner.com/us/rogue"">Rogue</a> is a nicotine pouch brand manufactured in the United States using domestic and imported ingredients. The brand offers tobacco leaf-free nicotine pouches in a variety of flavors, strengths, and pouch formats for adult nicotine users (21+).</p><p>Today, the Rogue lineup includes both Rogue and Rogue Max. Rogue is available in 10 flavors and 2 nicotine strengths (3mg and 6mg), while Rogue Max expands the range with a slim, moist pouch format available in 4 flavors and nicotine strengths of 9mg, 12mg, and 15mg. Both Rogue and Rogue Max contain 20 nicotine pouches per can.</p><p>Rogue products are made with nicotine polacrilex and other ingredients that vary by product. Refer to the product packaging for the most current ingredient information.</p><p>Rogue is owned by Rogue Holdings, LLC, a wholly owned subsidiary of Swisher International, Inc., a wholly owned subsidiary of Swisher International, Inc.</p>","","Strong","","Pack","4","No","Yes","","","Northerner US,Nicokick US","3","9.0 mg/pouch","https://files.plytix.com/api/v1.1/file/public_files/pim/assets/a9/d9/19/63/6319d9a9f060d100017561d5/images/80/91/4b/6a/6a4b9180f5690e45271b946e/Rogue-Max-9mg-Mixpack-01.png?s=1200x","https://files.plytix.com/api/v1.1/file/public_files/pim/assets/a9/d9/19/63/6319d9a9f060d100017561d5/images/80/91/4b/6a/6a4b9180f5690e45271b946e/Rogue-Max-9mg-Mixpack-01.png?s=1200x","https://files.plytix.com/api/v1.1/file/public_files/pim/assets/a9/d9/19/63/6319d9a9f060d100017561d5/images/80/91/4b/6a/6a4b9180f5690e45271b946e/Rogue-Max-9mg-Mixpack-01.png?s=1200x","","","","","RGH-R650#1, RGH-R653#1, RGH-R656#1, RGH-R659#1","Dynamic","Rogue Max 9mg Mixpack"
